標題/社區,地址,價格,坪數,房型,建物類型,建物類型_新
近關渡竹圍捷運馬偕醫院旁別墅社區套房,淡水區-民族路,20000.0,21.5,未知,,其他
淡江大學步行2分鐘|淡大|大田寮|紅27公車總站|體育館可貓,淡水區-學府路,25000.0,35.0,未知,,其他
海天DEFG棟,淡水區-八勢一街,13600.0,18.0,未知,,其他
淡水幸福城,淡水區-學府路,20800.0,28.0,未知,,其他
淡水捷運5分鐘溫馨一房一廳,淡水區-鄧公路,15300.0,18.0,【免仲介費】可養寵｜海都3｜中型套房🉑️開火🉑️租補,,其他
海洋都心3,淡水區-新市五路三段,13900.0,17.0,【免仲介費】海都3｜標準套房🉑️開伙｜獨立陽台🉑️租補,,其他
海洋都心No.3 Ocean city,淡水區-新市三路二段,25000.0,25.0,【免仲介費】海都3｜標準套房🉑️開伙｜獨立陽台🉑️租補,,其他
海洋都心3,淡水區-新市五路三段,72000.0,57.0,未知,,其他
大旭地,淡水區-北新路一段,32000.0,46.5,未知,,其他
鄉林山海匯,淡水區-八勢路,6000.0,5.0,未知,,其他
宏盛水悅,淡水區-新市三路,19960.0,20.0,未知,寵物可貓♥︎可租補♥︎台水台電♥富麗欣♥電梯大樓♥濱海沙崙,電梯大樓
淡大溫哥華,淡水區-水源街二段,29000.0,31.0,未知,寵物可貓♥︎可租補♥︎台水台電♥富麗欣♥電梯大樓♥濱海沙崙,電梯大樓
富麗欣,淡水區-濱海路二段,1900.0,12.0,未知,台北GOGO社區近竹圍捷運站車位出租,其他
尚海,淡水區-淡金路,90000.0,80.0,未知,台北GOGO社區近竹圍捷運站車位出租,其他
台北GOGO,淡水區-民權路,7000.0,6.0,未知,,其他
仁愛街近英專路優質美套，租金含公用水電,淡水區-仁愛街,8900.0,35.0,近關渡竹圍捷運馬偕醫院旁別墅社區套房,近關渡竹圍捷運馬偕醫院旁別墅社區套房,透天厝
馬偕醫院5分鐘.室內平面車位,淡水區-大同路,18000.0,35.0,近關渡竹圍捷運馬偕醫院旁別墅社區套房,近關渡竹圍捷運馬偕醫院旁別墅社區套房,透天厝
近關渡竹圍捷運馬偕醫院旁別墅社區套房,淡水區-民族路,18000.0,35.0,未知,,其他
淡江大學步行2分鐘|淡大|大田寮|紅27公車總站|體育館可貓,淡水區-學府路,18000.0,35.0,未知,,其他
海洋都心No.3 Ocean city,淡水區-新市三路二段,28633.0,68.8,未知,,其他
海洋都心No.3 Ocean city,淡水區-新市三路二段,32258.0,69.4,未知,,其他
海洋都心No.3 Ocean city,淡水區-新市三路二段,15000.0,28.9,未知,,其他
宏盛海都 2期,淡水區-新市三路二段267號,22000.0,22.7,未知,,其他
海洋都心,淡水區-新市五路三段,22000.0,19.1,未知,和光同塵全新裝潢少戶數社區住戶單純,其他
和光同塵,淡水區-新市二路三段172巷3弄,22000.0,18.5,未知,,其他
台北灣-江南大宅,淡水區-沙崙路一段,23000.0,32.0,未知,,其他
新市一路三段/中山北路二段,淡水區-新市一路三段101巷17弄,20000.0,15.5,未知,,其他
富陽四季,淡水區-中正東路二段,15000.0,23.0,未知,,其他
3F/4F,淡水區-學府路100巷11號,50000.0,24.4,未知,,其他
5F/5F,淡水區-學府路136巷,7500.0,6.0,獨立套房,,其他
海洋都心,淡水區-新市五路三段,26000.0,32.2,未知,,其他
陽光新苑,淡水區-沙崙路,20000.0,14.9,未知,,其他
有富SUNDAY,淡水區-八勢一街,30500.0,45.0,未知,,其他
台北灣-江南大宅,淡水區-沙崙路一段,13000.0,8.0,獨立套房,【近淡水捷運站紐約公寓菁英套房】D9D,公寓
5F/5F,淡水區-學府路,22600.0,36.0,未知,,其他
川普G3,淡水區-淡金路一段,23000.0,12.0,未知,,其他
摩納哥,淡水區-淡金路38巷,7000.0,6.5,🏡淡水區南勢埔47巷｜獨立套房招租｜可申請租補🏡,,其他
元/月,新北市淡水區真理街❤️❤️❤️,7000.0,12.0,獨立套房,,其他
3F/5F,淡水區-新民街3巷,8200.0,12.0,🏡淡水區南勢埔47巷｜獨立套房招租｜可申請租補🏡,,其他
元/月,🏡淡水區南勢埔47巷｜獨立套房招租｜可申請租補🏡,8200.0,12.0,獨立套房,,其他
3F/4F,淡水區-南勢埔47巷,6800.0,12.0,獨立套房,,其他
元/月,🏡淡水區南勢埔47巷｜獨立套房招租｜可申請租補🏡,6800.0,5.0,獨立套房,,其他
社會住宅包租代管,淡水區-南勢埔47巷,1300.0,5.0,未知,,其他
元/月,🚗🔥震撼開幕！淡水區沙倫路最強CP值車位開搶！,1300.0,7.0,未知,,其他
5坪,淡水區-沙崙路151巷12弄5號,13500.0,7.0,未知,,其他
3F/5F,淡水區-新民街180巷21號,11000.0,7.0,分租套房,,其他
6F/6F,淡水區-新民街162巷7號,11000.0,7.0,分租套房,,其他
4F/5F,淡水區-新民街162巷7號,11000.0,7.0,新北市淡水區中正東路8-7號~套房出租~,,其他
3F/5F,淡水區-新民街162巷7號,6000.0,5.0,獨立套房,,其他
元/月,新北市淡水區中正東路8-7號~套房出租~,6000.0,5.0,獨立套房,,其他
富麗欣,淡水區-濱海路二段,7000.0,7.0,【免仲介費】海都3｜標準套房🉑️開伙｜獨立陽台🉑️租補,,其他
尚海,淡水區-淡金路,13900.0,17.0,【免仲介費】海都3｜標準套房🉑️開伙｜獨立陽台🉑️租補,,其他
仁愛街近英專路優質美套，租金含公用水電,淡水區-仁愛街,90000.0,80.0,【免仲介費】海都3｜標準套房🉑️開伙｜獨立陽台🉑️租補,,其他
海洋都心3,淡水區-新市五路三段,13600.0,18.0,未知,,其他
淡水捷運5分鐘溫馨一房一廳,淡水區-鄧公路,25000.0,25.0,未知,,其他
淡大溫哥華,淡水區-水源街二段,15300.0,18.0,近關渡竹圍捷運馬偕醫院旁別墅社區套房,近關渡竹圍捷運馬偕醫院旁別墅社區套房,透天厝
大旭地,淡水區-北新路一段,8900.0,6.0,近關渡竹圍捷運馬偕醫院旁別墅社區套房,近關渡竹圍捷運馬偕醫院旁別墅社區套房,透天厝
海洋都心No.3 Ocean city,淡水區-新市三路二段,3000.0,35.0,近關渡竹圍捷運馬偕醫院旁別墅社區套房,近關渡竹圍捷運馬偕醫院旁別墅社區套房,透天厝
馬偕醫院5分鐘.室內平面車位,淡水區-大同路,20800.0,28.0,未知,台北GOGO社區近竹圍捷運站車位出租,其他
淡江大學步行2分鐘|淡大|大田寮|紅27公車總站|體育館可貓,淡水區-學府路,1900.0,12.0,未知,台北GOGO社區近竹圍捷運站車位出租,其他
海洋都心3,淡水區-新市五路三段,20000.0,21.5,未知,台北GOGO社區近竹圍捷運站車位出租,其他
台北GOGO,淡水區-民權路,25000.0,35.0,未知,,其他
海天DEFG棟,淡水區-八勢一街,72000.0,57.0,未知,,其他
淡水幸福城,淡水區-學府路,32000.0,46.5,未知,,其他
鄉林山海匯,淡水區-八勢路,19960.0,20.0,未知,寵物可貓♥︎可租補♥︎台水台電♥富麗欣♥電梯大樓♥濱海沙崙,電梯大樓
宏盛水悅,淡水區-新市三路,29000.0,31.0,未知,寵物可貓♥︎可租補♥︎台水台電♥富麗欣♥電梯大樓♥濱海沙崙,電梯大樓
富麗欣,淡水區-濱海路二段,29000.0,31.0,未知,,其他
尚海,淡水區-淡金路,29000.0,31.0,未知,台北GOGO社區近竹圍捷運站車位出租,其他
台北GOGO,淡水區-民權路173巷3號,90000.0,80.0,未知,,其他
陽明悅活,淡水區-興福寮88巷,3000.0,6.0,未知,,其他
6坪,淡水區-大同路120巷,6000.0,5.0,獨立套房,,其他
淡大溫哥華,淡水區-水源街二段92巷5弄,25000.0,35.0,未知,,其他
淡水幸福城,淡水區-學府路51巷1弄25號,29000.0,31.0,未知,,其他
宏盛水悅,淡水區-新市三路,13600.0,18.0,【免仲介費】海都3｜標準套房🉑️開伙｜獨立陽台🉑️租補,,其他
4F/6F,淡水區-鄧公路1弄,13900.0,17.0,獨立套房,,其他
海洋都心3,淡水區-新市五路三段,20000.0,21.5,未知,,其他
海天DEFG棟,淡水區-八勢一街63巷,15300.0,18.0,獨立套房,,其他
海洋都心No.3 Ocean city,淡水區-新市三路二段,20800.0,28.0,未知,,其他
海洋都心3,淡水區-新市五路三段,18000.0,35.0,未知,,其他
5F/5F,淡水區-學府路,72000.0,57.0,未知,,其他
鄉林山海匯,淡水區-八勢路50巷51號,19960.0,20.0,未知,寵物可貓♥︎可租補♥︎台水台電♥富麗欣♥電梯大樓♥濱海沙崙,電梯大樓
富麗欣,淡水區-濱海路二段,7000.0,7.0,近關渡竹圍捷運馬偕醫院旁別墅社區套房,近關渡竹圍捷運馬偕醫院旁別墅社區套房,透天厝
2F/4F,淡水區-仁愛街2巷,8900.0,8.0,免仲介費近淡水站可補可寵物附基本傢俱裝潢套房一級變頻冷暖氣,近關渡竹圍捷運馬偕醫院旁別墅社區套房,透天厝
2F/2F,淡水區-民族路35巷,6500.0,6.0,可租補~淡江大學商管旁~2樓學生套房出租..還有1間,,其他
5F/5F,淡水區-鄧公路32巷,5500.0,5.0,分租套房,,其他
2F/6F,淡水區-北新路182巷21弄,14500.0,14.1,獨立套房,,其他
清淞,淡水區-淡金路,5500.0,5.5,分租套房,,其他
2F/6F,淡水區-學府路205巷1弄,28000.0,42.7,未知,,其他
台北灣一期星海灣大樓區,淡水區-新民街一段,7000.0,6.0,分租套房,,其他
4F/6F,淡水區-學府路205巷,49999.0,81.7,淡江大學金雞母、淡大菁英4間電梯套房，獨立洗衣機，重新裝潢過,,其他
整棟/5F,淡水區-中正東路二段143巷12弄,8300.0,10.0,分租套房,,其他
6F/7F,淡水區-北新路184巷,22999.0,32.0,未知,,其他
無,淡水區-新市二路一段,23000.0,19.2,未知,,其他
南加州,淡水區-民權路23號,20800.0,19.4,未知,,其他
海洋都心No.3 Ocean city,淡水區-新市五路三段,27000.0,35.4,未知,,其他
海天DEFG棟,淡水區-八勢一街,7000.0,7.0,未知,,其他
宏盛水悅,淡水區-新市三路,25000.0,35.0,【免仲介費】海都3｜標準套房🉑️開伙｜獨立陽台🉑️租補,,其他
仁愛街近英專路優質美套，租金含公用水電,淡水區-仁愛街,13900.0,17.0,【免仲介費】可養寵｜海都3｜中型套房🉑️開火🉑️租補,,其他
淡水幸福城,淡水區-學府路,15300.0,18.0,【免仲介費】可養寵｜海都3｜中型套房🉑️開火🉑️租補,,其他
海洋都心3,淡水區-新市五路三段,29000.0,31.0,近關渡竹圍捷運馬偕醫院旁別墅社區套房,近關渡竹圍捷運馬偕醫院旁別墅社區套房,透天厝
海洋都心No.3 Ocean city,淡水區-新市三路二段,8900.0,8.0,近關渡竹圍捷運馬偕醫院旁別墅社區套房,近關渡竹圍捷運馬偕醫院旁別墅社區套房,透天厝
尚海,淡水區-淡金路,13600.0,18.0,近關渡竹圍捷運馬偕醫院旁別墅社區套房,台北GOGO社區近竹圍捷運站車位出租,其他
近關渡竹圍捷運馬偕醫院旁別墅社區套房,淡水區-民族路,1900.0,12.0,未知,台北GOGO社區近竹圍捷運站車位出租,其他
淡水捷運5分鐘溫馨一房一廳,淡水區-鄧公路,72000.0,57.0,未知,台北GOGO社區近竹圍捷運站車位出租,其他
台北GOGO,淡水區-民權路,3000.0,6.0,未知,,其他
鄉林山海匯,淡水區-八勢路,90000.0,80.0,未知,,其他
馬偕醫院5分鐘.室內平面車位,淡水區-大同路,18000.0,35.0,未知,,其他
淡江大學步行2分鐘|淡大|大田寮|紅27公車總站|體育館可貓,淡水區-學府路,6000.0,5.0,未知,,其他
大旭地,淡水區-北新路一段,19960.0,20.0,未知,寵物可貓♥︎可租補♥︎台水台電♥富麗欣♥電梯大樓♥濱海沙崙,電梯大樓
淡大溫哥華,淡水區-水源街二段,20800.0,28.0,未知,寵物可貓♥︎可租補♥︎台水台電♥富麗欣♥電梯大樓♥濱海沙崙,電梯大樓
富麗欣,淡水區-濱海路二段,20000.0,21.5,未知,,其他
海洋都心3,淡水區-新市五路三段,32000.0,46.5,未知,,其他
海天DEFG棟,淡水區-八勢一街,32000.0,46.5,未知,,其他
宏盛水悅,淡水區-新市三路,32000.0,46.5,分租套房,,其他
5F/5F,淡水區-學府路205巷,10000.0,8.0,獨立套房,,其他
淡大金雞母二期A,淡水區-北新路184巷,26000.0,37.0,未知,,其他
日月星辰,淡水區-濱海路一段306巷9弄,20000.0,15.8,未知,,其他
宏盛海都,淡水區-新市三路二段,9000.0,7.0,分租套房,,其他
2F/4F,淡水區-民族路,19900.0,38.0,"步行2分鍾到捷運站精心設計優美套房,",,其他
Park 99,淡水區-義山路一段401巷,9000.0,8.0,獨立套房,,其他
5F/5F,淡水區-平遠街1號,5500.0,6.0,獨立套房,,其他
2F/5F,淡水區-英專路,18000.0,28.1,未知,,其他
海洋都心,淡水區-新市五路三段238號,9000.0,5.0,分租套房,,其他
1F/5F,淡水區-學府路172巷,5500.0,6.0,雅房,,其他
2F/2F,淡水區-自強路,20000.0,23.4,未知,,其他
台北灣 銀河,淡水區-新市一路一段,20000.0,28.0,未知,,其他
江南大宅,淡水區-沙崙路,7000.0,18.0,獨立套房,,其他
4F/5F,淡水區-學府路136巷40弄,21000.0,18.0,新北關渡自強路套房出租-近北藝大,,其他
台北雪梨,淡水區-中正東路一段,7500.0,4.0,分租套房,,其他
1F/4F,淡水區-自強路337巷47號,21000.0,34.6,未知,,其他
海洋都心2,淡水區-新市三路二段,7000.0,8.0,淡大北新路【三荷院】優質電梯獨立套房,,其他
2F/5F,淡水區-新民街53巷,9500.0,11.0,獨立套房,,其他
三荷院,淡水區-北新路192號,5500.0,4.0,分租套房,,其他
2F/3F,淡水區-水源街二段,8600.0,8.0,淡大圖側2分半高樓層無敵山海景和室套房！,,其他
2F/4F,淡水區-新民街,5500.0,5.8,分租套房,,其他
5F/5F,淡水區-水源街二段92巷,24000.0,17.5,未知,,其他
新品苑,淡水區-新市三路一段,9000.0,7.0,分租套房,,其他
2F/4F,淡水區-民族路,28000.0,22.3,未知,,其他
甜水郡名人湯,淡水區-濱海路一段306巷,59800.0,90.0,未知,,其他
水立方,淡水區-淡金路,25000.0,18.8,未知,,其他
台北灣 銀河,淡水區-新市一路一段,28000.0,23.0,獨立套房,,其他
麗陽,淡水區-鄧公路,6500.0,6.0,👑近真理獨立洗衣機全新變頻冷氣溫馨套房可以租❗❗❗,,其他
4F/5F,淡水區-北新路,6000.0,6.0,分租套房,,其他
仁愛街近英專路優質美套，租金含公用水電,淡水區-仁愛街,25000.0,35.0,【免仲介費】海都3｜標準套房🉑️開伙｜獨立陽台🉑️租補,寵物可貓♥︎可租補♥︎台水台電♥富麗欣♥電梯大樓♥濱海沙崙,電梯大樓
海洋都心3,淡水區-新市五路三段,19960.0,20.0,未知,寵物可貓♥︎可租補♥︎台水台電♥富麗欣♥電梯大樓♥濱海沙崙,電梯大樓
淡水幸福城,淡水區-學府路,8900.0,8.0,近關渡竹圍捷運馬偕醫院旁別墅社區套房,近關渡竹圍捷運馬偕醫院旁別墅社區套房,透天厝
富麗欣,淡水區-濱海路二段,25000.0,25.0,近關渡竹圍捷運馬偕醫院旁別墅社區套房,近關渡竹圍捷運馬偕醫院旁別墅社區套房,透天厝
大旭地,淡水區-北新路一段,13600.0,18.0,未知,,其他
淡江大學步行2分鐘|淡大|大田寮|紅27公車總站|體育館可貓,淡水區-學府路,20000.0,21.5,未知,,其他
海天DEFG棟,淡水區-八勢一街,20800.0,28.0,【免仲介費】可養寵｜海都3｜中型套房🉑️開火🉑️租補,,其他
海洋都心No.3 Ocean city,淡水區-新市三路二段,90000.0,80.0,未知,,其他
海洋都心3,淡水區-新市五路三段,6000.0,5.0,未知,,其他
淡大溫哥華,淡水區-水源街二段,32000.0,46.5,未知,,其他
鄉林山海匯,淡水區-八勢路,1900.0,12.0,未知,台北GOGO社區近竹圍捷運站車位出租,其他
宏盛水悅,淡水區-新市三路,29000.0,31.0,未知,台北GOGO社區近竹圍捷運站車位出租,其他
台北GOGO,淡水區-民權路,3000.0,7.0,未知,,其他
尚海,淡水區-淡金路,7000.0,17.0,【免仲介費】海都3｜標準套房🉑️開伙｜獨立陽台🉑️租補,,其他
馬偕醫院5分鐘.室內平面車位,淡水區-大同路,13900.0,17.0,【免仲介費】海都3｜標準套房🉑️開伙｜獨立陽台🉑️租補,,其他
仁愛街近英專路優質美套，租金含公用水電,淡水區-仁愛街,13900.0,17.0,【免仲介費】海都3｜標準套房🉑️開伙｜獨立陽台🉑️租補,,其他
海洋都心3,淡水區-新市五路三段,13900.0,17.0,未知,,其他
台北灣2觀海/台北灣B區大樓區,淡水區-新市一路一段,30000.0,53.9,未知,,其他
宏盛水悅,淡水區-新市三路一段,18000.0,28.1,真理大學對面巷子～學生套房～多間可選,,其他
海洋都心,淡水區-新市五路三段238號,5000.0,5.0,分租套房,,其他
2F/5F,淡水區-新民街152巷6弄8號,7000.0,7.0,獨立套房,,其他
3F/5F,淡水區-英專路79巷12號,85000.0,71.3,未知,,其他
大隱小藍海,淡水區-中正東路二段107巷,9000.0,5.0,(重新開放)免仲介費，金房東電梯獨立套房，近淡江大學,,其他
1F/5F,淡水區-學府路172巷,7500.0,6.3,獨立套房,淡江大學旁四房家具齊全電梯大樓,電梯大樓
金房東,淡水區-學府路205巷6號,17800.0,50.0,未知,淡江大學旁四房家具齊全電梯大樓,電梯大樓
巧克力花園,淡水區-水源街二段177巷,6500.0,6.0,大忠街郵局對面巷內鬧中取靜的優質套房,,其他
4F/6F,淡水區-水源街二段,6500.0,5.0,獨立套房,,其他
淡大西雅圖,淡水區-大忠街24巷7號,20000.0,32.4,未知,,其他
台北灣三期江南頤和,淡水區-濱海路三段148巷,6000.0,6.0,分租套房,,其他
4F/5F,淡水區-新民街180巷,26000.0,19.9,未知,,其他
台北灣 銀河,淡水區-新市一路一段,5500.0,5.0,分租套房,,其他
2F/5F,淡水區-英專路,7000.0,5.0,分租套房,,其他
3F/5F,淡水區-真理街3巷23號,23000.0,16.5,未知,,其他
馥樂樂,淡水區-中山北路三段41號,5500.0,6.0,雅房,,其他
2F/2F,淡水區-自強路,23900.0,19.0,未知,,其他
南加州,淡水區-民權路,7000.0,8.0,504超乾淨套房專人收垃圾高速網路智慧電視,,其他
2F/5F,淡水區-新民街53巷,11500.0,8.0,👑淡大財庫稀有大坪數全新滾筒洗衣機家具獨立套房可以租❗❗❗,,其他
5F/5F,淡水區-英專路,13000.0,8.0,獨立套房,,其他
淡大財庫,淡水區-學府路136巷,11000.0,6.0,獨立套房,,其他
1F/5F,淡水區-學府路205巷1弄,6800.0,6.0,分租套房,,其他
4F/5F,淡水區-新民街226巷16號,5500.0,4.0,分租套房,,其他
2F/3F,淡水區-水源街二段,24000.0,17.5,未知,,其他
新品苑,淡水區-新市三路一段,28000.0,22.3,未知,,其他
甜水郡名人湯,淡水區-濱海路一段306巷,21000.0,34.6,未知,,其他
海洋都心2,淡水區-新市三路二段,52000.0,64.4,未知,,其他
水紀元,淡水區-民權路,28000.0,25.3,未知,,其他
淡水捷運5分鐘溫馨一房一廳,淡水區-鄧公路,18000.0,35.0,近關渡竹圍捷運馬偕醫院旁別墅社區套房,近關渡竹圍捷運馬偕醫院旁別墅社區套房,透天厝
近關渡竹圍捷運馬偕醫院旁別墅社區套房,淡水區-民族路,29000.0,31.0,未知,,其他
淡江大學步行2分鐘|淡大|大田寮|紅27公車總站|體育館可貓,淡水區-學府路,32000.0,46.5,未知,,其他
尚海,淡水區-淡金路,15300.0,18.0,【免仲介費】可養寵｜海都3｜中型套房🉑️開火🉑️租補,,其他
宏盛水悅,淡水區-新市三路,1900.0,12.0,【免仲介費】可養寵｜海都3｜中型套房🉑️開火🉑️租補,台北GOGO社區近竹圍捷運站車位出租,其他
海洋都心No.3 Ocean city,淡水區-新市三路二段,90000.0,80.0,未知,台北GOGO社區近竹圍捷運站車位出租,其他
台北GOGO,淡水區-民權路,20000.0,21.5,未知,,其他
海天DEFG棟,淡水區-八勢一街,13900.0,17.0,【免仲介費】海都3｜標準套房🉑️開伙｜獨立陽台🉑️租補,,其他
仁愛街近英專路優質美套，租金含公用水電,淡水區-仁愛街,72000.0,57.0,【免仲介費】海都3｜標準套房🉑️開伙｜獨立陽台🉑️租補,,其他
海洋都心3,淡水區-新市五路三段,20800.0,28.0,未知,,其他
鄉林山海匯,淡水區-八勢路,25000.0,35.0,未知,,其他
淡水幸福城,淡水區-學府路,25000.0,25.0,未知,,其他
淡大溫哥華,淡水區-水源街二段,19960.0,20.0,未知,寵物可貓♥︎可租補♥︎台水台電♥富麗欣♥電梯大樓♥濱海沙崙,電梯大樓
大旭地,淡水區-北新路一段,3000.0,6.0,未知,寵物可貓♥︎可租補♥︎台水台電♥富麗欣♥電梯大樓♥濱海沙崙,電梯大樓
富麗欣,淡水區-濱海路二段,13600.0,8.0,近關渡竹圍捷運馬偕醫院旁別墅社區套房,近關渡竹圍捷運馬偕醫院旁別墅社區套房,透天厝
馬偕醫院5分鐘.室內平面車位,淡水區-大同路,8900.0,8.0,近關渡竹圍捷運馬偕醫院旁別墅社區套房,近關渡竹圍捷運馬偕醫院旁別墅社區套房,透天厝
淡水捷運5分鐘溫馨一房一廳,淡水區-鄧公路,8900.0,8.0,近關渡竹圍捷運馬偕醫院旁別墅社區套房,近關渡竹圍捷運馬偕醫院旁別墅社區套房,透天厝
近關渡竹圍捷運馬偕醫院旁別墅社區套房,淡水區-民族路,8900.0,8.0,未知,,其他
宏盛蒙德里安,淡水區-沙崙路一段126巷,8500.0,10.5,僅限女性套房一卡皮箱即可入住,,其他
海景天下二期大樓區,淡水區-大忠街,9000.0,9.0,獨立套房,,其他
真理學院大樓,淡水區-新生街15號,5500.0,5.0,分租套房,,其他
5F/5F,淡水區-大忠街123號,26000.0,19.1,未知,,其他
台北灣-江南大宅,淡水區-沙崙路一段,5000.0,5.0,(重新開放)免仲介費，金房東電梯獨立套房，近淡江大學,,其他
2F/5F,淡水區-新民街152巷6弄8號,7500.0,6.3,獨立套房,,其他
金房東,淡水區-學府路205巷6號,26000.0,41.4,未知,,其他
黛安娜大樓,淡水區-新春街,47999.0,63.4,未知,,其他
整棟/3F,淡水區-興福寮66巷,17000.0,17.4,未知,泰隆社區,其他
寶鏵江山,淡水區-北新路141巷26號,26000.0,51.0,未知,,其他
聯園璞玉/聯園樸麗,淡水區-新市一路一段99巷,8500.0,10.6,獨立套房,,其他
5F/5F,淡水區-新民街180巷7弄,22500.0,25.0,未知,,其他
W丰上,淡水區-中山北路三段31巷,16000.0,12.7,獨立套房,,其他
關渡山水,淡水區-民權路,6000.0,5.0,分租套房,,其他
2F/5F,淡水區-新民街53巷,52000.0,64.4,未知,,其他
水紀元,淡水區-民權路,22000.0,14.0,未知,,其他
漫活時代1,淡水區-竿蓁街,11000.0,9.7,笑傲江河商務套房有大陽台免仲介費可租補,,其他
笑傲江河,淡水區-北新路169巷,17000.0,22.0,未知,,其他
好旺角海景,淡水區-新民街120巷,18000.0,26.0,未知,,其他
笑傲江河,淡水區-北新路169巷87號,28000.0,37.3,未知,,其他
台北灣-江南大宅,淡水區-沙崙路一段,11000.0,5.1,未知,,其他
1F/5F,淡水區-學府路205巷1弄,30000.0,53.9,未知,,其他
宏盛水悅,淡水區-新市三路一段,7500.0,4.0,分租套房,,其他
1F/4F,淡水區-自強路337巷47號,6500.0,6.0,分租套房,,其他
4F/6F,淡水區-水源街二段,24000.0,34.6,未知,,其他
宏盛水悅,淡水區-新市三路一段,21000.0,22.9,未知,✨鄰近竹圍捷運2樓公寓大使用空間大✨,公寓
2F/4F,淡水區-民權一街17巷,15000.0,12.0,未知,,其他
7F/7F,淡水區-淡海路189巷,33000.0,46.7,未知,,其他
大旭地,淡水區-北新路一段,25000.0,35.0,近關渡竹圍捷運馬偕醫院旁別墅社區套房,近關渡竹圍捷運馬偕醫院旁別墅社區套房,透天厝
仁愛街近英專路優質美套，租金含公用水電,淡水區-仁愛街,8900.0,8.0,近關渡竹圍捷運馬偕醫院旁別墅社區套房,寵物可貓♥︎可租補♥︎台水台電♥富麗欣♥電梯大樓♥濱海沙崙,電梯大樓
淡水幸福城,淡水區-學府路,19960.0,20.0,近關渡竹圍捷運馬偕醫院旁別墅社區套房,寵物可貓♥︎可租補♥︎台水台電♥富麗欣♥電梯大樓♥濱海沙崙,電梯大樓
近關渡竹圍捷運馬偕醫院旁別墅社區套房,淡水區-民族路,20800.0,28.0,未知,寵物可貓♥︎可租補♥︎台水台電♥富麗欣♥電梯大樓♥濱海沙崙,電梯大樓
富麗欣,淡水區-濱海路二段,3000.0,6.0,未知,,其他
海洋都心3,淡水區-新市五路三段,29000.0,31.0,未知,,其他
馬偕醫院5分鐘.室內平面車位,淡水區-大同路,13600.0,18.0,未知,,其他
尚海,淡水區-淡金路,72000.0,57.0,未知,,其他
淡水捷運5分鐘溫馨一房一廳,淡水區-鄧公路,6000.0,5.0,未知,,其他
鄉林山海匯,淡水區-八勢路,18000.0,35.0,未知,,其他
淡大溫哥華,淡水區-水源街二段,32000.0,46.5,【免仲介費】可養寵｜海都3｜中型套房🉑️開火🉑️租補,,其他
淡江大學步行2分鐘|淡大|大田寮|紅27公車總站|體育館可貓,淡水區-學府路,15300.0,18.0,【免仲介費】可養寵｜海都3｜中型套房🉑️開火🉑️租補,,其他
宏盛水悅,淡水區-新市三路,13900.0,17.0,【免仲介費】海都3｜標準套房🉑️開伙｜獨立陽台🉑️租補,,其他
海洋都心No.3 Ocean city,淡水區-新市三路二段,20000.0,21.5,【免仲介費】海都3｜標準套房🉑️開伙｜獨立陽台🉑️租補,台北GOGO社區近竹圍捷運站車位出租,其他
海洋都心3,淡水區-新市五路三段,1900.0,12.0,未知,台北GOGO社區近竹圍捷運站車位出租,其他
海天DEFG棟,淡水區-八勢一街,90000.0,80.0,未知,台北GOGO社區近竹圍捷運站車位出租,其他
台北GOGO,淡水區-民權路,25000.0,25.0,未知,,其他
大旭地,淡水區-北新路一段,7000.0,7.0,未知,,其他
仁愛街近英專路優質美套，租金含公用水電,淡水區-仁愛街,7000.0,7.0,未知,,其他
依現場社區名稱,淡水區-淡海路189巷,6000.0,6.0,分租套房,,其他
4F/5F,淡水區-新生街108巷,7000.0,5.5,分租套房,,其他
2F/6F,淡水區-學府路205巷1弄,32000.0,42.7,未知,,其他
水天靚2,淡水區-沙崙路,25000.0,22.7,未知,,其他
宏盛海都 2期,淡水區-新市三路二段,26000.0,17.5,未知,,其他
新品苑,淡水區-新市三路一段,26000.0,32.8,未知,,其他
富庭峰築家,淡水區-沙崙路201巷,28000.0,31.9,未知,,其他
關渡大國二期,淡水區-民族路31巷,29500.0,25.7,未知,,其他
合康嘉年華,淡水區-新市一路一段,16500.0,21.6,未知,,其他
巧克力花園,淡水區-水源街二段177巷,15000.0,16.1,獨立套房,,其他
清淞,淡水區-淡金路,11000.0,8.0,飯店式全新獨立衛浴套房、靠近淡江大學,,其他
5F/5F,淡水區-新民街63巷2號,9500.0,6.5,獨立套房,,其他
3F/4F,淡水區-北投子路87號,5700.0,6.0,獨立套房,,其他
5F/5F,淡水區-水源街二段92巷,22500.0,15.9,未知,,其他
南加州,淡水區-民權路,13000.0,10.0,獨立套房,台灣朗居浩庭【台北|萬通國際社區】租金含管含稅含2車位,其他
摩天31,淡水區-中山北路一段,85000.0,67.4,未知,台灣朗居浩庭【台北|萬通國際社區】租金含管含稅含2車位,其他
萬通國際/ 陽明悅活,淡水區-興福寮88巷,21000.0,21.5,未知,,其他
戀戀山海,淡水區-沙崙路,22000.0,28.1,未知,,其他
宏盛海都 2期,淡水區-新市三路二段,24000.0,27.0,🐻MVP社宅∥可租補∥近淡大機能佳套房,,其他
鴻灃青,淡水區-濱海路一段306巷60弄,6500.0,7.0,🐻MVP社宅∥可租補∥翰林館學生套房,,其他
4F/5F,淡水區-北新路182巷41弄,6300.0,6.0,🐻MVP社宅∥可租補∥金房東獨立套房,,其他
翰林館,淡水區-北新路182巷5弄,7000.0,5.0,獨立套房,金房東社區,其他
金房東社區,淡水區-水源街二段74巷,38000.0,35.0,淡江有約大套房,,其他
海德公園,淡水區-中山北路二段381巷,9800.0,10.0,獨立套房,,其他
淡江有約,淡水區-淡金路一段537號,55000.0,81.2,未知,,其他
學府華廈,淡水區-學府路,23000.0,34.9,未知,,其他
名軒海樂地,淡水區-沙崙路二段831號,23000.0,27.2,未知,紅樹林捷運♡淡水捷運♡公寓2樓♡寵可談,公寓
鴻灃青,淡水區-濱海路一段306巷60弄,6000.0,8.0,分租套房,紅樹林捷運♡淡水捷運♡公寓2樓♡寵可談,公寓
2F/4F,淡水區-中正東路一段,6000.0,8.0,分租套房,,其他
淡大溫哥華,淡水區-水源街二段,72000.0,57.0,未知,台北GOGO社區近竹圍捷運站車位出租,其他
台北GOGO,淡水區-民權路,20800.0,28.0,未知,,其他
鄉林山海匯,淡水區-八勢路,19960.0,20.0,未知,寵物可貓♥︎可租補♥︎台水台電♥富麗欣♥電梯大樓♥濱海沙崙,電梯大樓
海洋都心3,淡水區-新市五路三段,20000.0,21.5,未知,寵物可貓♥︎可租補♥︎台水台電♥富麗欣♥電梯大樓♥濱海沙崙,電梯大樓
海天DEFG棟,淡水區-八勢一街,25000.0,35.0,未知,,其他
尚海,淡水區-淡金路,18000.0,35.0,未知,,其他
淡水幸福城,淡水區-學府路,3000.0,8.0,近關渡竹圍捷運馬偕醫院旁別墅社區套房,近關渡竹圍捷運馬偕醫院旁別墅社區套房,透天厝
淡江大學步行2分鐘|淡大|大田寮|紅27公車總站|體育館可貓,淡水區-學府路,8900.0,8.0,近關渡竹圍捷運馬偕醫院旁別墅社區套房,近關渡竹圍捷運馬偕醫院旁別墅社區套房,透天厝
馬偕醫院5分鐘.室內平面車位,淡水區-大同路,25000.0,25.0,近關渡竹圍捷運馬偕醫院旁別墅社區套房,近關渡竹圍捷運馬偕醫院旁別墅社區套房,透天厝
近關渡竹圍捷運馬偕醫院旁別墅社區套房,淡水區-民族路,13600.0,18.0,【免仲介費】海都3｜標準套房🉑️開伙｜獨立陽台🉑️租補,,其他
大旭地,淡水區-北新路一段,13900.0,17.0,【免仲介費】海都3｜標準套房🉑️開伙｜獨立陽台🉑️租補,,其他
淡水捷運5分鐘溫馨一房一廳,淡水區-鄧公路,7000.0,7.0,【免仲介費】海都3｜標準套房🉑️開伙｜獨立陽台🉑️租補,,其他
海洋都心3,淡水區-新市五路三段,32000.0,46.5,【免仲介費】可養寵｜海都3｜中型套房🉑️開火🉑️租補,,其他
仁愛街近英專路優質美套，租金含公用水電,淡水區-仁愛街,15300.0,18.0,【免仲介費】可養寵｜海都3｜中型套房🉑️開火🉑️租補,,其他
宏盛水悅,淡水區-新市三路,90000.0,80.0,【免仲介費】可養寵｜海都3｜中型套房🉑️開火🉑️租補,,其他
海洋都心No.3 Ocean city,淡水區-新市三路二段,6000.0,5.0,未知,台北GOGO社區近竹圍捷運站車位出租,其他
淡大溫哥華,淡水區-水源街二段,1900.0,12.0,未知,台北GOGO社區近竹圍捷運站車位出租,其他
台北GOGO,淡水區-民權路,1900.0,8.0,分租套房,,其他
無,淡水區-大忠街79號,15800.0,17.6,未知,淡捷英專生活圈公寓四樓超值大三房,公寓
4F/4F,淡水區-英專路28巷2弄,20000.0,15.0,未知,✨沙崙電梯公寓一房一廳採光極佳✨,電梯大樓
康和紅樹林,淡水區-中正東路二段,15000.0,12.0,未知,✨沙崙電梯公寓一房一廳採光極佳✨,電梯大樓
7F/7F,淡水區-淡海路189巷,48000.0,69.6,未知,,其他
無,淡水區-民權路,23000.0,25.0,未知,,其他
名軒海樂地,淡水區-沙崙路二段,13500.0,18.5,未知,,其他
3F/5F,淡水區-中山北路一段,31000.0,55.1,A+淡大首選~分租套房可租補407,,其他
台北灣一期星海灣大樓區,淡水區-新民街一段,6000.0,6.0,分租套房,,其他
4F/5F,淡水區-學府路205巷1弄,3000.0,35.1,未知,,其他
6坪,淡水區-大同路120巷,18000.0,35.1,真理大學大套房+小客廳+流理臺+獨立洗衣機陽台,,其他
來來香榭,淡水區-新民街222巷16弄,8000.0,8.0,分租套房,,其他
5F/5F,淡水區-新民街180巷,1800.0,9.9,未知,,其他
海洋都心,淡水區-新市五路三段,21000.0,28.0,未知,,其他
宏盛海都 2期,淡水區-新市三路二段,23800.0,39.0,未知,,其他
普羅旺斯,淡水區-新市一路三段,27000.0,54.7,未知,,其他
宏盛水悅,淡水區-新市一路,27000.0,26.5,未知,,其他
綠山棧,淡水區-濱海路一段,20000.0,30.0,未知,,其他
幸福奇蹟,淡水區-沙崙路216巷,18000.0,32.1,未知,,其他
宏英加州大樓,淡水區-新春街126巷,22800.0,17.2,未知,,其他
普羅旺斯,淡水區-新市一路三段,23000.0,26.8,未知,,其他
靜江悅,淡水區-中山北路二段188巷,22500.0,15.9,未知,租客免仲介費，社區樓下商店街，全聯，輕軌V11站。,其他
南加州,淡水區-民權路,25000.0,46.1,未知,租客免仲介費，社區樓下商店街，全聯，輕軌V11站。,其他
海洋都心,淡水區-新市五路三段,28000.0,31.7,未知,,其他
關渡大國二期,淡水區-民族路31巷32號,26000.0,5.0,分租套房,,其他
3F/8F,淡水區-興福寮66巷,5000.0,5.0,分租套房,,其他
3F/5F,淡水區-水源街二段92巷5弄,24000.0,22.7,未知,近淡水捷運佰萬裝潢公寓二樓三房,公寓
海洋都心,淡水區-新市五路三段,20000.0,27.3,未知,近淡水捷運佰萬裝潢公寓二樓三房,公寓
2F/5F,淡水區-平遠街,22000.0,20.7,未知,,其他
吉美悅洋,淡水區-中正路二段,23800.0,19.4,未知,,其他
宏盛水悅,淡水區-新市三路,7000.0,7.0,未知,,其他
淡水幸福城,淡水區-學府路,13600.0,18.0,未知,,其他
仁愛街近英專路優質美套，租金含公用水電,淡水區-仁愛街,90000.0,80.0,未知,,其他
淡水捷運5分鐘溫馨一房一廳,淡水區-鄧公路,20000.0,21.5,未知,,其他
海天DEFG棟,淡水區-八勢一街,1900.0,12.0,未知,台北GOGO社區近竹圍捷運站車位出租,其他
馬偕醫院5分鐘.室內平面車位,淡水區-大同路,72000.0,57.0,近關渡竹圍捷運馬偕醫院旁別墅社區套房,近關渡竹圍捷運馬偕醫院旁別墅社區套房,透天厝
台北GOGO,淡水區-民權路,8900.0,8.0,近關渡竹圍捷運馬偕醫院旁別墅社區套房,近關渡竹圍捷運馬偕醫院旁別墅社區套房,透天厝
鄉林山海匯,淡水區-八勢路,20800.0,28.0,近關渡竹圍捷運馬偕醫院旁別墅社區套房,近關渡竹圍捷運馬偕醫院旁別墅社區套房,透天厝
近關渡竹圍捷運馬偕醫院旁別墅社區套房,淡水區-民族路,25000.0,25.0,未知,,其他
大旭地,淡水區-北新路一段,13900.0,17.0,【免仲介費】海都3｜標準套房🉑️開伙｜獨立陽台🉑️租補,寵物可貓♥︎可租補♥︎台水台電♥富麗欣♥電梯大樓♥濱海沙崙,電梯大樓
富麗欣,淡水區-濱海路二段,29000.0,31.0,【免仲介費】海都3｜標準套房🉑️開伙｜獨立陽台🉑️租補,,其他
尚海,淡水區-淡金路,18000.0,35.0,【免仲介費】可養寵｜海都3｜中型套房🉑️開火🉑️租補,,其他
淡大溫哥華,淡水區-水源街二段,15300.0,18.0,【免仲介費】可養寵｜海都3｜中型套房🉑️開火🉑️租補,,其他
淡江大學步行2分鐘|淡大|大田寮|紅27公車總站|體育館可貓,淡水區-學府路,32000.0,46.5,【免仲介費】可養寵｜海都3｜中型套房🉑️開火🉑️租補,,其他
海洋都心No.3 Ocean city,淡水區-新市三路二段,25000.0,35.0,未知,,其他
宏盛水悅,淡水區-新市三路,25000.0,35.0,未知,,其他
淡水幸福城,淡水區-學府路,25000.0,35.0,未知,,其他
1F/1F,淡水區-原德路109巷,8000.0,10.0,未知,,其他
1F/1F,淡水區-原德路109巷,22000.0,23.5,未知,,其他
宏普有逸天,淡水區-新市二路一段,23000.0,23.5,未知,,其他
2F/3F,淡水區-英專路28巷2弄,23000.0,29.3,未知,,其他
米蘭藝術館,淡水區-北新路,25020.0,28.0,未知,,其他
台北灣 銀河,淡水區-新市一路一段,16000.0,23.3,未知,,其他
4F/4F,淡水區-新生街55巷,28000.0,25.3,🌟淡大捷森堡🍀精緻套房、露台空間✨免爬樓梯👌拎包入住,,其他
天琴,淡水區-濱海路二段202巷65弄,16800.0,7.2,獨立套房,,其他
淡大捷森堡,淡水區-學府路136巷,23500.0,39.7,🏠北新商圈分租套房🏠近淡江大學🏠生活便利,,其他
海洋都心,淡水區-新市五路三段,6500.0,7.0,獨立套房,,其他
5F/7F,淡水區-北新路,8500.0,7.0,分租套房,,其他
淡大財庫,淡水區-學府路136巷,4500.0,7.0,獨立套房,🏠淡大財庫🏠電梯大樓*裝潢獨立套房🏠可租補,電梯大樓
6F/14F,淡水區-學府路136巷,12000.0,7.0,獨立套房,🏠淡大財庫🏠電梯大樓*裝潢獨立套房🏠可租補,電梯大樓
淡大財庫,淡水區-學府路136巷,22000.0,16.0,*新環境*近淡水捷運站.獨立陽台套房,,其他
海揚,淡水區-中正東路一段3巷14弄,7000.0,6.0,🏠景觀溫馨舒適🏠【淡大財庫】獨立套房.💎可租補,,其他
新環境,淡水區-學府路128巷,12000.0,7.0,摩納哥★輕軌旁★優質獨立套房(可租補),,其他
淡大財庫,淡水區-學府路136巷,17000.0,9.3,獨立套房,,其他
摩納哥,淡水區-淡金路38巷,19500.0,14.3,未知,,其他
聖塔露琪亞夢幻區,淡水區-淡金路,12000.0,6.0,分租套房,,其他
3F/5F,淡水區-新春街,16000.0,8.0,小資租補精緻全配有窗套房二人共住皆可租補,,其他
3F/5F,淡水區-新春街,11000.0,5.0,小資租補精緻全配有窗套房二人共住皆可租補,,其他
4F/4F,淡水區-中山北路一段180巷,20000.0,27.3,未知,,其他
2F/5F,淡水區-平遠街,59800.0,77.8,可寵可租補｜近淡大魔術空間套房｜小而美｜甜甜價,,其他
水立方,淡水區-淡金路,6600.0,4.3,獨立套房,,其他
淡水大學城,淡水區-學府路,20000.0,28.6,獨立套房,,其他
鴻灃青,淡水區-濱海路一段306巷60弄68號,15000.0,27.0,獨立套房,,其他
心航線,淡水區-文化路,21000.0,27.0,未知,全新精裝潢台北灣-銀河超新社區,其他
漫活時代,淡水區-竿蓁二街19巷,21500.0,15.0,未知,全新社區全新精裝修進淡江大橋台北灣銀河,其他
台北灣 銀河,淡水區-新市一路260號,21500.0,15.0,獨立套房,全新社區全新精裝修進淡江大橋台北灣銀河,其他
大旭地,淡水區-北新路一段,18000.0,35.0,未知,,其他
海天DEFG棟,淡水區-八勢一街,6000.0,5.0,未知,,其他
淡江大學步行2分鐘|淡大|大田寮|紅27公車總站|體育館可貓,淡水區-學府路,7000.0,7.0,未知,,其他
淡大溫哥華,淡水區-水源街二段,72000.0,57.0,未知,,其他
仁愛街近英專路優質美套，租金含公用水電,淡水區-仁愛街,29000.0,31.0,未知,,其他
鄉林山海匯,淡水區-八勢路,20800.0,28.0,未知,,其他
尚海,淡水區-淡金路,8900.0,8.0,近關渡竹圍捷運馬偕醫院旁別墅社區套房,近關渡竹圍捷運馬偕醫院旁別墅社區套房,透天厝
海洋都心3,淡水區-新市五路三段,3000.0,6.0,近關渡竹圍捷運馬偕醫院旁別墅社區套房,近關渡竹圍捷運馬偕醫院旁別墅社區套房,透天厝
近關渡竹圍捷運馬偕醫院旁別墅社區套房,淡水區-民族路,25000.0,35.0,未知,台北GOGO社區近竹圍捷運站車位出租,其他
馬偕醫院5分鐘.室內平面車位,淡水區-大同路,1900.0,12.0,未知,台北GOGO社區近竹圍捷運站車位出租,其他
淡水幸福城,淡水區-學府路,90000.0,80.0,未知,台北GOGO社區近竹圍捷運站車位出租,其他
台北GOGO,淡水區-民權路,15300.0,18.0,【免仲介費】可養寵｜海都3｜中型套房🉑️開火🉑️租補,寵物可貓♥︎可租補♥︎台水台電♥富麗欣♥電梯大樓♥濱海沙崙,電梯大樓
海洋都心No.3 Ocean city,淡水區-新市三路二段,32000.0,46.5,未知,寵物可貓♥︎可租補♥︎台水台電♥富麗欣♥電梯大樓♥濱海沙崙,電梯大樓
富麗欣,淡水區-濱海路二段,13600.0,18.0,未知,,其他
淡水捷運5分鐘溫馨一房一廳,淡水區-鄧公路,25000.0,25.0,【免仲介費】海都3｜標準套房🉑️開伙｜獨立陽台🉑️租補,,其他
大旭地,淡水區-北新路一段,20000.0,21.5,未知,,其他
海天DEFG棟,淡水區-八勢一街,20000.0,21.5,未知,圭柔山大空間公寓三房，可租補入戶籍籍,公寓
4F/4F,淡水區-淡金路三段317號,24000.0,25.6,未知,,其他
日月星辰,淡水區-濱海路一段306巷9弄39號,23300.0,43.7,未知,,其他
台北灣2觀海/台北灣B區透天區,淡水區-新市一路一段,18500.0,20.3,未知,,其他
台北灣-江南大宅,淡水區-沙崙路一段,20000.0,26.5,未知,,其他
台北灣-江南大宅,淡水區-沙崙路一段,24000.0,17.0,未知,,其他
鴻灃青,淡水區-濱海路一段306巷60弄,22800.0,29.5,未知,,其他
普羅旺斯,淡水區-新市一路三段,21000.0,30.4,未知,原徳路公寓三樓一卡皮箱拎包入住全套傢俱家電七分鐘到淡水捷運站,公寓
馥樂樂,淡水區-中山北路三段,18000.0,21.0,未知,原徳路公寓三樓一卡皮箱拎包入住全套傢俱家電七分鐘到淡水捷運站,公寓
3F/5F,淡水區-原德路,20000.0,37.8,未知,,其他
淡水小城,淡水區-學府路136巷,23000.0,17.0,未知,,其他
台北灣-江南大宅,淡水區-沙崙路一段,25000.0,33.1,未知,,其他
聯園璞玉/聯園樸麗,淡水區-新市一路一段99巷,32000.0,19.0,未知,,其他
觀海極品,淡水區-民族路31巷,15000.0,7.0,淡大旁套房2樓，水電全包,,其他
3F/3F,淡水區-八勢路22巷,5500.0,25.0,分租套房,,其他
2F/5F,淡水區-學府路,5500.0,25.0,未知,,其他
2F/5F,淡水區-學府路,8500.0,7.0,溫馨套房近真理大學適合學生上班族,,其他
5F/6F,淡水區-學府路,5500.0,8.0,分租套房,,其他
3F/5F,淡水區-新民街53巷,23000.0,26.8,未知,,其他
水天靚,淡水區-沙崙路,22000.0,28.8,未知,,其他
心之界,淡水區-濱海路三段148巷50弄,31000.0,33.0,未知,,其他
佳瑞心公園,淡水區-義山路一段401巷,23000.0,34.0,未知,,其他
名軒海樂地,淡水區-沙崙路二段,22000.0,36.5,未知,,其他
鴻灃青,淡水區-濱海路一段306巷60弄,22500.0,44.0,未知,,其他
宏盛水悅,淡水區-新市三路一段,23800.0,31.9,未知,,其他
麗景,淡水區-中正東路一段,7000.0,8.0,分租套房,,其他
無,淡水區-北新路141巷,18500.0,16.4,未知,,其他
海洋都心,淡水區-新市五路三段,22000.0,15.8,未知,,其他
海洋都心,淡水區-新市五路三段,28000.0,20.8,未知,❤️電梯大樓❤️可租補入籍報稅❤️免仲介費,電梯大樓
宏盛海都 2期,淡水區-新市三路二段,23000.0,25.0,未知,❤️電梯大樓❤️可租補入籍報稅❤️免仲介費,電梯大樓
海洋都心3,淡水區-新市五路三段,90000.0,80.0,未知,,其他
仁愛街近英專路優質美套，租金含公用水電,淡水區-仁愛街,72000.0,57.0,未知,,其他
鄉林山海匯,淡水區-八勢路,15300.0,18.0,【免仲介費】可養寵｜海都3｜中型套房🉑️開火🉑️租補,寵物可貓♥︎可租補♥︎台水台電♥富麗欣♥電梯大樓♥濱海沙崙,電梯大樓
淡江大學步行2分鐘|淡大|大田寮|紅27公車總站|體育館可貓,淡水區-學府路,19960.0,20.0,【免仲介費】可養寵｜海都3｜中型套房🉑️開火🉑️租補,寵物可貓♥︎可租補♥︎台水台電♥富麗欣♥電梯大樓♥濱海沙崙,電梯大樓
海洋都心No.3 Ocean city,淡水區-新市三路二段,13900.0,17.0,【免仲介費】海都3｜標準套房🉑️開伙｜獨立陽台🉑️租補,寵物可貓♥︎可租補♥︎台水台電♥富麗欣♥電梯大樓♥濱海沙崙,電梯大樓
富麗欣,淡水區-濱海路二段,32000.0,46.5,【免仲介費】海都3｜標準套房🉑️開伙｜獨立陽台🉑️租補,,其他
海洋都心3,淡水區-新市五路三段,25000.0,25.0,未知,,其他
宏盛水悅,淡水區-新市三路,20000.0,21.5,未知,,其他
大旭地,淡水區-北新路一段,29000.0,31.0,未知,,其他
尚海,淡水區-淡金路,6000.0,5.0,未知,台北GOGO社區近竹圍捷運站車位出租,其他
台北GOGO,淡水區-民權路,13600.0,18.0,近關渡竹圍捷運馬偕醫院旁別墅社區套房,近關渡竹圍捷運馬偕醫院旁別墅社區套房,透天厝
淡大溫哥華,淡水區-水源街二段,8900.0,8.0,近關渡竹圍捷運馬偕醫院旁別墅社區套房,近關渡竹圍捷運馬偕醫院旁別墅社區套房,透天厝
淡水捷運5分鐘溫馨一房一廳,淡水區-鄧公路,25000.0,35.0,近關渡竹圍捷運馬偕醫院旁別墅社區套房,近關渡竹圍捷運馬偕醫院旁別墅社區套房,透天厝
近關渡竹圍捷運馬偕醫院旁別墅社區套房,淡水區-民族路,3000.0,6.0,未知,,其他
馬偕醫院5分鐘.室內平面車位,淡水區-大同路,7000.0,7.0,未知,,其他
海洋都心3,淡水區-新市五路三段,7000.0,7.0,未知,,其他
仁愛街近英專路優質美套，租金含公用水電,淡水區-仁愛街,7000.0,8.0,獨立套房,,其他
淡江有約,淡水區-淡金路一段,28800.0,8.0,獨立套房,,其他
福格大飯店,淡水區-學府路89號,11000.0,6.8,未知,,其他
淡大財庫,淡水區-學府路136巷,26000.0,20.5,未知,,其他
合謙飛時代,淡水區-濱海路一段,6000.0,8.0,雅房,一樓免爬梯❤️新生公寓大三房❤️近淡水國中文化國小新生消防隊,公寓
無,淡水區-北新路141巷6號,17000.0,24.5,未知,一樓免爬梯❤️新生公寓大三房❤️近淡水國中文化國小新生消防隊,公寓
2F/3F,淡水區-新生街,57500.0,40.0,未知,,其他
紅樹林鄉林山海匯,淡水區-八勢路50巷,25000.0,18.0,未知,,其他
綠山棧,淡水區-濱海路一段,10500.0,11.0,獨立套房,,其他
海景天下二期大樓區,淡水區-大忠街,25000.0,30.7,未知,,其他
關渡山水,淡水區-民權路,20200.0,25.1,室內獨立溫泉♨️可租補-入籍-寵物可談💖清淞獨立套房含管,,其他
海洋都心,淡水區-新市五路三段,14000.0,8.5,獨立套房,,其他
清淞,淡水區-淡金路,17000.0,28.1,分租套房,,其他
菓嶺山莊,淡水區-小坪頂66巷,6800.0,56.4,分租套房,,其他
3F/3F,淡水區-水源街一段18巷,36000.0,56.4,未知,,其他
水源帝寶,淡水區-水源街一段,25000.0,40.0,近淡江大學邊間大套房附機車停車位,,其他
青山麗緻,淡水區-英專路,7100.0,7.0,分租套房,,其他
3F/5F,淡水區-水源街二段,21500.0,29.3,未知,,其他
淡江學園,淡水區-水源街二段120巷,22000.0,17.6,未知,,其他
新品苑,淡水區-新市三路一段,52000.0,45.5,未知,"家樂福附近綠線G4站電梯大樓,高樓層視野佳,環境清優^-^",電梯大樓
水紀元,淡水區-民權路,27000.0,33.5,未知,"家樂福附近綠線G4站電梯大樓,高樓層視野佳,環境清優^-^",電梯大樓
里御大砌,淡水區-濱海路一段306巷60弄,88000.0,67.4,未知,,其他
27F/29F,淡水區-興福寮88巷,26000.0,35.0,真理大學溫馨套房,,其他
群祥泰,淡水區-中山北路三段16巷,7500.0,34.6,真理大學溫馨套房,,其他
真理街3巷,淡水區-真理街3巷,22000.0,33.8,✨原德路・新裝潢大套房｜近捷運・近淡水國小✨,,其他
馥樂樂,淡水區-中山北路三段49號,13000.0,10.0,🏡仁愛街206公寓｜全新裝潢套房｜交通便利、生活機能佳！,🏡仁愛街206公寓｜全新裝潢套房｜交通便利、生活機能佳！,公寓
1F/5F,淡水區-大智街46巷,10000.0,5.0,✨全新套房｜近捷運3分鐘｜超大陽台・獨立曬衣空間✨,🏡仁愛街206公寓｜全新裝潢套房｜交通便利、生活機能佳！,公寓
2F/5F,淡水區-仁愛街999號,14000.0,10.0,✨近捷運・近市場・淡江大學・可養寵物套房｜地點便利✨,,其他
3F/5F,淡水區-中山路72巷6弄,10000.0,6.0,分租套房,,其他
5F/5F,淡水區-中山路129巷,13000.0,7.0,分租套房,,其他
淡水捷運5分鐘溫馨一房一廳,淡水區-鄧公路,20000.0,21.5,未知,台北GOGO社區近竹圍捷運站車位出租,其他
海天DEFG棟,淡水區-八勢一街,3000.0,6.0,未知,,其他
馬偕醫院5分鐘.室內平面車位,淡水區-大同路,72000.0,57.0,未知,,其他
仁愛街近英專路優質美套，租金含公用水電,淡水區-仁愛街,25000.0,25.0,未知,,其他
大旭地,淡水區-北新路一段,6000.0,5.0,未知,寵物可貓♥︎可租補♥︎台水台電♥富麗欣♥電梯大樓♥濱海沙崙,電梯大樓
富麗欣,淡水區-濱海路二段,8900.0,8.0,近關渡竹圍捷運馬偕醫院旁別墅社區套房,近關渡竹圍捷運馬偕醫院旁別墅社區套房,透天厝
淡大溫哥華,淡水區-水源街二段,32000.0,46.5,近關渡竹圍捷運馬偕醫院旁別墅社區套房,近關渡竹圍捷運馬偕醫院旁別墅社區套房,透天厝
淡水幸福城,淡水區-學府路,90000.0,80.0,【免仲介費】海都3｜標準套房🉑️開伙｜獨立陽台🉑️租補,,其他
海洋都心3,淡水區-新市五路三段,15300.0,18.0,【免仲介費】可養寵｜海都3｜中型套房🉑️開火🉑️租補,,其他
海洋都心No.3 Ocean city,淡水區-新市三路二段,13600.0,18.0,未知,,其他
淡江大學步行2分鐘|淡大|大田寮|紅27公車總站|體育館可貓,淡水區-學府路,13600.0,18.0,未知,,其他
淡水捷運5分鐘溫馨一房一廳,淡水區-鄧公路,13600.0,8.0,分租套房,,其他
1F/5F,淡水區-大智街46巷,22000.0,36.4,🌈輕軌摩納哥喜樂套房,,其他
佳昂晴海,淡水區-新市一路一段331巷,17000.0,13.5,獨立套房,,其他
摩納哥,淡水區-淡金路38巷,14000.0,9.0,分租套房,,其他
頂樓加蓋/4F,淡水區-自強路201巷,12500.0,9.0,分租套房,,其他
3F/3F,淡水區-民族路17巷2弄8號,32000.0,46.0,未知,,其他
老莊大廈,淡水區-自強路,28000.0,22.0,未知,,其他
台北灣 銀河,淡水區-新市一路一段,25000.0,24.5,未知,,其他
關渡山水,淡水區-民權路,26000.0,23.8,未知,,其他
有富SUNDAY,淡水區-八勢一街,21000.0,18.9,未知,,其他
1F/2F,淡水區-民生路113巷3弄,21000.0,18.9,未知,,其他
1F/2F,淡水區-民生路113巷3弄,25000.0,17.2,未知,,其他
秀山莊,淡水區-中正東路二段143巷12弄,33000.0,41.9,未知,,其他
幸福新城C棟,淡水區-民權路,9700.0,7.0,獨立套房,,其他
5F/6F,淡水區-民生路9巷1弄,26000.0,23.8,未知,,其他
有富SUNDAY,淡水區-八勢一街,20500.0,27.0,真理大學_五星級套房出租,,其他
海洋都心,淡水區-新市五路三段158號,5500.0,6.0,淡江大學附近分租套房🌹,,其他
5F/5F,淡水區-新民街180巷,4500.0,5.0,淡江大學附近分租套房🌹,,其他
4F/5F,淡水區-學府路,28000.0,36.3,未知,,其他
海闊天高天高區,淡水區-中正東路二段25巷,25000.0,37.2,未知,,其他
佳昂晴海,淡水區-新市一路一段331巷,35000.0,42.0,未知,,其他
❤️即刻預約看屋❤️,淡水區-紅樹林路,23000.0,19.0,未知,,其他
宏盛蒙德里安,淡水區-沙崙路一段126巷,35000.0,48.0,未知,,其他
整棟/4F,淡水區-興福寮66巷,45000.0,35.1,未知,,其他
將捷之森,淡水區-淡金路二段179號,30000.0,17.5,未知,全新【Park99】社區~簡易裝潢『可申請租屋補助』,其他
將捷之森,淡水區-淡金路二段175號,25000.0,19.3,☎自主國☎套房☎商業區☎可自住或登記,全新【Park99】社區~簡易裝潢『可申請租屋補助』,其他
Park 99,淡水區-義山路一段401巷78號,9500.0,11.6,獨立套房,,其他
自主國,淡水區-沙崙路,22000.0,40.1,未知,,其他
藍海名廈,淡水區-北新路69巷,26000.0,32.1,未知,,其他
台北灣-江南大宅,淡水區-沙崙路一段,14200.0,30.0,未知,,其他
近關渡竹圍捷運馬偕醫院旁別墅社區套房,淡水區-民族路,32000.0,46.5,未知,,其他
宏盛水悅,淡水區-新市三路,29000.0,31.0,未知,,其他
淡江大學步行2分鐘|淡大|大田寮|紅27公車總站|體育館可貓,淡水區-學府路,25000.0,25.0,未知,,其他
尚海,淡水區-淡金路,3000.0,6.0,未知,,其他
馬偕醫院5分鐘.室內平面車位,淡水區-大同路,20800.0,28.0,未知,寵物可貓♥︎可租補♥︎台水台電♥富麗欣♥電梯大樓♥濱海沙崙,電梯大樓
淡水捷運5分鐘溫馨一房一廳,淡水區-鄧公路,19960.0,20.0,未知,寵物可貓♥︎可租補♥︎台水台電♥富麗欣♥電梯大樓♥濱海沙崙,電梯大樓
海洋都心3,淡水區-新市五路三段,7000.0,7.0,【免仲介費】海都3｜標準套房🉑️開伙｜獨立陽台🉑️租補,寵物可貓♥︎可租補♥︎台水台電♥富麗欣♥電梯大樓♥濱海沙崙,電梯大樓
富麗欣,淡水區-濱海路二段,13900.0,17.0,【免仲介費】海都3｜標準套房🉑️開伙｜獨立陽台🉑️租補,台北GOGO社區近竹圍捷運站車位出租,其他
仁愛街近英專路優質美套，租金含公用水電,淡水區-仁愛街,1900.0,12.0,【免仲介費】海都3｜標準套房🉑️開伙｜獨立陽台🉑️租補,台北GOGO社區近竹圍捷運站車位出租,其他
海洋都心3,淡水區-新市五路三段,25000.0,35.0,【免仲介費】可養寵｜海都3｜中型套房🉑️開火🉑️租補,台北GOGO社區近竹圍捷運站車位出租,其他
台北GOGO,淡水區-民權路,15300.0,18.0,【免仲介費】可養寵｜海都3｜中型套房🉑️開火🉑️租補,,其他
淡水幸福城,淡水區-學府路,20000.0,21.5,【免仲介費】可養寵｜海都3｜中型套房🉑️開火🉑️租補,,其他
海洋都心No.3 Ocean city,淡水區-新市三路二段,6000.0,5.0,未知,,其他
海天DEFG棟,淡水區-八勢一街,90000.0,80.0,未知,,其他
近關渡竹圍捷運馬偕醫院旁別墅社區套房,淡水區-民族路,72000.0,57.0,未知,,其他
鄉林山海匯,淡水區-八勢路,72000.0,57.0,未知,,其他
4F/4F,淡水區-民族路29巷1弄,13000.0,12.6,獨立套房,新春街長頸鹿社區2房2廳1廚1衛,其他
摩天31,淡水區-新春街180號,16000.0,11.1,未知,新春街長頸鹿社區2房2廳1廚1衛,其他
5F/6F,淡水區-水源街二段92巷5弄18號,25000.0,35.0,淡水捷運站前英專夜市套房出租,,其他
無,淡水區-水源街二段216號,5000.0,5.0,分租套房,,其他
5F/5F,淡水區-水源街一段122巷,8000.0,8.0,獨立套房,,其他
2F/3F,淡水區-水源街二段216號,6000.0,8.0,竹圍地區近捷運500M光纖寬敞亮麗套房,,其他
5F/5F,淡水區-新民街180巷3號,9800.0,9.0,獨立套房,,其他
2F/5F,淡水區-大同路,10000.0,6.0,分租套房,,其他
6F/12F,淡水區-中山路,21599.0,23.0,未知,,其他
0916952299,淡水區-新民街一段,22999.0,23.0,竹圍捷運高級套房附廚房可開伙可養寵禁煙,,其他
0958784966,淡水區-新民街一段,11000.0,5.0,稀有釋出！#淡水真理#優質清新套房,,其他
4F/4F,淡水區-民族路29巷1弄,5200.0,7.0,獨立套房,,其他
3F/5F,淡水區-新民街190號,6500.0,7.0,獨立套房,,其他
3F/5F,淡水區-新民街226巷1號,47999.0,63.4,未知,,其他
整棟/3F,淡水區-興福寮66巷,14999.0,15.0,未知,,其他
3F/3F,淡水區-興福寮66巷,23999.0,16.3,溫馨的大套房，生活機能優,,其他
無,淡水區-民權路,9300.0,10.5,溫馨的大套房，生活機能優,,其他
真理大學對面,淡水區-新民街174號,9300.0,10.5,獨立套房,,其他
真理大學對面,淡水區-新民街174號,29500.0,22.2,未知,,其他
台北灣 江南‧頤和,淡水區-濱海路三段148巷,26000.0,22.2,未知,,其他
台北灣-江南大宅,淡水區-沙崙路一段,25000.0,27.6,未知,鄰近輕軌｜優質社區｜和光同塵誠意出租,其他
淡江有約花園,淡水區-淡金路一段,22000.0,19.9,未知,鄰近輕軌｜優質社區｜和光同塵誠意出租,其他
和光同塵,淡水區-新市二路三段172巷3弄,22000.0,15.7,關渡山水拎包大套房,,其他
台北灣 銀河,淡水區-新市一路一段,18000.0,13.1,關渡山水拎包大套房,,其他
關渡山水,淡水區-民權路,31000.0,39.6,未知,,其他
關渡大國二期,淡水區-民族路31巷,25000.0,26.3,未知,,其他
水世紀,淡水區-民權路,36500.0,36.1,未知,,其他
近關渡竹圍捷運馬偕醫院旁別墅社區套房,淡水區-民族路,13600.0,18.0,未知,,其他
淡水捷運5分鐘溫馨一房一廳,淡水區-鄧公路,29000.0,31.0,未知,,其他
尚海,淡水區-淡金路,20800.0,28.0,未知,寵物可貓♥︎可租補♥︎台水台電♥富麗欣♥電梯大樓♥濱海沙崙,電梯大樓
富麗欣,淡水區-濱海路二段,6000.0,5.0,未知,,其他
海洋都心3,淡水區-新市五路三段,25000.0,25.0,未知,,其他
淡大溫哥華,淡水區-水源街二段,25000.0,35.0,未知,,其他
大旭地,淡水區-北新路一段,15300.0,18.0,【免仲介費】可養寵｜海都3｜中型套房🉑️開火🉑️租補,,其他
淡水幸福城,淡水區-學府路,1900.0,12.0,【免仲介費】可養寵｜海都3｜中型套房🉑️開火🉑️租補,台北GOGO社區近竹圍捷運站車位出租,其他
海洋都心No.3 Ocean city,淡水區-新市三路二段,18000.0,35.0,未知,台北GOGO社區近竹圍捷運站車位出租,其他
台北GOGO,淡水區-民權路,32000.0,46.5,未知,,其他
淡江大學步行2分鐘|淡大|大田寮|紅27公車總站|體育館可貓,淡水區-學府路,90000.0,80.0,未知,,其他
宏盛水悅,淡水區-新市三路,3000.0,6.0,未知,,其他
馬偕醫院5分鐘.室內平面車位,淡水區-大同路,13900.0,8.0,近關渡竹圍捷運馬偕醫院旁別墅社區套房,近關渡竹圍捷運馬偕醫院旁別墅社區套房,透天厝
仁愛街近英專路優質美套，租金含公用水電,淡水區-仁愛街,8900.0,8.0,近關渡竹圍捷運馬偕醫院旁別墅社區套房,近關渡竹圍捷運馬偕醫院旁別墅社區套房,透天厝
海洋都心3,淡水區-新市五路三段,20000.0,21.5,近關渡竹圍捷運馬偕醫院旁別墅社區套房,近關渡竹圍捷運馬偕醫院旁別墅社區套房,透天厝
海天DEFG棟,淡水區-八勢一街,20000.0,19.9,未知,鄰近輕軌｜優質社區｜和光同塵誠意出租,其他
和光同塵,淡水區-新市二路三段172巷3弄,22000.0,15.7,未知,,其他
台北灣 銀河,淡水區-新市一路一段,25000.0,27.6,關渡山水拎包大套房,,其他
淡江有約花園,淡水區-淡金路一段,18000.0,13.1,關渡山水拎包大套房,,其他
聯硯繪,淡水區-自強路,56000.0,10.0,免费淡水北投子2樓214套10坪租6仟5有214套房,,其他
2F/2F,淡水區-八勢二街,6500.0,26.0,分租套房,,其他
3F/5F,淡水區-三民街,8000.0,6.0,分租套房,,其他
2F/3F,淡水區-博愛街,23000.0,36.1,未知,,其他
佳昂晴海,淡水區-新市一路一段331巷,25000.0,37.0,未知,,其他
麗寶鐸藝,淡水區-中正路一段,23000.0,26.7,未知,,其他
福臨華廈,淡水區-新民街,16000.0,14.5,獨立套房,,其他
海闊天高天高區,淡水區-中正東路二段25巷,17000.0,27.5,未知,,其他
海洋都心No.3 Ocean city,淡水區-新市三路二段,12000.0,7.0,雅房,,其他
2F/4F,淡水區-八勢路50巷8弄,21000.0,33.3,未知,,其他
藍海名廈,淡水區-北新路69巷,13000.0,10.0,分租套房,,其他
2F/4F,淡水區-八勢路50巷8弄,28000.0,48.8,未知,,其他
新浦東,淡水區-新市一路三段101巷,22900.0,36.3,未知,,其他
W丰上,淡水區-中山北路三段31巷,27000.0,39.6,未知,,其他
益翔樂活綻,淡水區-新春街125巷,24000.0,24.7,未知,,其他
麗寶鐸藝,淡水區-中正路一段,20000.0,27.2,未知,,其他
2F/4F,淡水區-學府路102巷,26000.0,45.7,未知,,其他
普羅旺斯,淡水區-新市一路三段,23000.0,37.2,未知,,其他
鴻灃青,淡水區-濱海路一段306巷60弄,28000.0,25.5,近淡江大學電梯獨立套房｜有陽台｜衛浴翻新,,其他
勝華V8,淡水區-義山路一段,14000.0,11.0,獨立套房,,其他
學府路151號華廈,淡水區-學府路,22000.0,27.0,未知,,其他
海洋都心,淡水區-新市五路三段,20000.0,25.0,未知,,其他
海洋都心No.3 Ocean city,淡水區-新市三路二段,8900.0,46.5,近關渡竹圍捷運馬偕醫院旁別墅社區套房,近關渡竹圍捷運馬偕醫院旁別墅社區套房,透天厝
馬偕醫院5分鐘.室內平面車位,淡水區-大同路,32000.0,46.5,近關渡竹圍捷運馬偕醫院旁別墅社區套房,近關渡竹圍捷運馬偕醫院旁別墅社區套房,透天厝
近關渡竹圍捷運馬偕醫院旁別墅社區套房,淡水區-民族路,72000.0,57.0,未知,,其他
鄉林山海匯,淡水區-八勢路,18000.0,35.0,未知,,其他
仁愛街近英專路優質美套，租金含公用水電,淡水區-仁愛街,20000.0,21.5,未知,,其他
淡水捷運5分鐘溫馨一房一廳,淡水區-鄧公路,1900.0,12.0,未知,台北GOGO社區近竹圍捷運站車位出租,其他
台北GOGO,淡水區-民權路,6000.0,5.0,未知,,其他
淡大溫哥華,淡水區-水源街二段,13900.0,17.0,【免仲介費】海都3｜標準套房🉑️開伙｜獨立陽台🉑️租補,,其他
大旭地,淡水區-北新路一段,25000.0,35.0,【免仲介費】海都3｜標準套房🉑️開伙｜獨立陽台🉑️租補,,其他
淡水幸福城,淡水區-學府路,19960.0,20.0,未知,寵物可貓♥︎可租補♥︎台水台電♥富麗欣♥電梯大樓♥濱海沙崙,電梯大樓
尚海,淡水區-淡金路,15300.0,18.0,【免仲介費】可養寵｜海都3｜中型套房🉑️開火🉑️租補,寵物可貓♥︎可租補♥︎台水台電♥富麗欣♥電梯大樓♥濱海沙崙,電梯大樓
富麗欣,淡水區-濱海路二段,3000.0,6.0,【免仲介費】可養寵｜海都3｜中型套房🉑️開火🉑️租補,,其他
海洋都心No.3 Ocean city,淡水區-新市三路二段,3000.0,6.0,未知,,其他
馬偕醫院5分鐘.室內平面車位,淡水區-大同路,3000.0,22.6,未知,,其他
薇閣大樓,淡水區-民生路,21500.0,17.2,未知,,其他
宏盛水悅,淡水區-新市三路一段,20000.0,11.4,未知,,其他
富陽四季,淡水區-中正東路二段,25000.0,20.4,未知,,其他
台北灣 銀河,淡水區-新市一路一段,23500.0,18.9,未知,江南社區有景觀三房車,其他
合陽齊美,淡水區-新市二路三段,24000.0,22.9,未知,江南社區有景觀三房車,其他
台北灣 江南‧頤和,淡水區-濱海路三段148巷,24000.0,18.0,💖限男🌿竹圍捷運大窗採光雅房✨,,其他
南加州,淡水區-民權路19號,7150.0,5.0,雅房,社區庭院一樓三房車🔥社宅/可租補/免服務費🔥五泰小陳,其他
2F/2F,淡水區-民族路33巷,29000.0,25.4,稀缺雅房来了，帶窗帶陽台，水泥隔間,社區庭院一樓三房車🔥社宅/可租補/免服務費🔥五泰小陳,其他
合康嘉年華,淡水區-新市一路一段,8500.0,12.0,分租套房,,其他
5F/5F,淡水區-民權路177巷,3800.0,5.0,分租套房,,其他
頂樓加蓋/4F,淡水區-新生街90巷,2800.0,5.0,未知,,其他
淡大菁英,淡水區-北新路184巷,22000.0,18.7,未知,,其他
宏盛海都 2期,淡水區-新市三路二段,21000.0,24.8,未知,,其他
馥樂樂,淡水區-中山北路三段,15000.0,15.3,未知,,其他
3F/5F,淡水區-鄧公路1弄,9000.0,8.0,獨立套房,,其他
4F/4F,淡水區-新民街,23800.0,28.7,原德路二樓套房無對外窗,,其他
捷運悅境,淡水區-濱海路一段,5000.0,22.2,分租套房,,其他
2F/5F,淡水區-原德路,22000.0,22.2,未知,,其他
2F/3F,淡水區-英專路28巷2弄,38000.0,27.3,真理大學全配獨立水電錶美套房E室,,其他
好風光II,淡水區-紅樹林路,6500.0,6.0,真理大學全配獨立水電錶美套房B,,其他
5F/5F,淡水區-新民街53巷,5500.0,5.0,分租套房,,其他
5F/5F,淡水區-新民街53巷,5500.0,22.0,未知,,其他
中山麗景,淡水區-中山路,20000.0,16.0,未知,,其他
一森原,淡水區-中正路二段,24800.0,36.9,未知,,其他
宏盛海都 2期,淡水區-新市三路二段,18000.0,21.8,未知,,其他
宏英加州大樓,淡水區-新春街126巷,20000.0,25.1,未知,,其他
學府路151號華廈,淡水區-學府路,21000.0,23.0,未知,,其他
台北灣 江南‧頤和,淡水區-濱海路三段148巷,23000.0,31.0,未知,,其他
3F/3F,淡水區-民族路,13000.0,4.0,分租套房,,其他
鄉林山海匯,淡水區-八勢路,1900.0,12.0,未知,台北GOGO社區近竹圍捷運站車位出租,其他
大旭地,淡水區-北新路一段,29000.0,31.0,未知,台北GOGO社區近竹圍捷運站車位出租,其他
海洋都心3,淡水區-新市五路三段,6000.0,5.0,【免仲介費】可養寵｜海都3｜中型套房🉑️開火🉑️租補,,其他
海洋都心3,淡水區-新市五路三段,15300.0,18.0,【免仲介費】可養寵｜海都3｜中型套房🉑️開火🉑️租補,寵物可貓♥︎可租補♥︎台水台電♥富麗欣♥電梯大樓♥濱海沙崙,電梯大樓
淡大溫哥華,淡水區-水源街二段,19960.0,20.0,【免仲介費】可養寵｜海都3｜中型套房🉑️開火🉑️租補,寵物可貓♥︎可租補♥︎台水台電♥富麗欣♥電梯大樓♥濱海沙崙,電梯大樓
海洋都心No.3 Ocean city,淡水區-新市三路二段,18000.0,35.0,未知,寵物可貓♥︎可租補♥︎台水台電♥富麗欣♥電梯大樓♥濱海沙崙,電梯大樓
馬偕醫院5分鐘.室內平面車位,淡水區-大同路,25000.0,35.0,未知,,其他
海天DEFG棟,淡水區-八勢一街,8900.0,8.0,近關渡竹圍捷運馬偕醫院旁別墅社區套房,近關渡竹圍捷運馬偕醫院旁別墅社區套房,透天厝
淡水幸福城,淡水區-學府路,13600.0,18.0,近關渡竹圍捷運馬偕醫院旁別墅社區套房,近關渡竹圍捷運馬偕醫院旁別墅社區套房,透天厝
淡水捷運5分鐘溫馨一房一廳,淡水區-鄧公路,90000.0,80.0,未知,,其他
Park 99,淡水區-義山路一段401巷,20000.0,9.6,紅樹林捷運❤️海悅河景超值精美套房☀️,,其他
海悅觀海城堡,淡水區-中正東路二段,20000.0,25.0,英專路好生活套房走路就到夜市、捷運站歡迎賞屋,,其他
藍色情人海,淡水區-淡海路184巷,8800.0,7.0,獨立套房,,其他
無,淡水區-英專路,25000.0,12.0,未知,,其他
名軒海樂地,淡水區-沙崙路二段,25000.0,41.5,未知,,其他
海洋都心,淡水區-新市三路二段,25000.0,41.5,未知,,其他
海洋都心,淡水區-新市三路二段,12000.0,15.0,獨立套房,,其他
巧克力花園,淡水區-水源街二段177巷,32000.0,32.7,未知,,其他
水天靚,淡水區-沙崙路,40000.0,44.3,未知,,其他
詠萃,淡水區-沙崙路一段126巷,9500.0,5.1,獨立套房,,其他
3F/5F,淡水區-北新路182巷5弄,7500.0,5.0,獨立套房,,其他
5F/6F,淡水區-水源街一段122巷,7500.0,5.0,獨立套房,,其他
5F/6F,淡水區-水源街一段122巷,20000.0,50.0,未知,,其他
海洋都心,淡水區-新市五路三段286號,24000.0,50.0,未知,泰隆社區,其他
泰隆社區,淡水區-鄧公路30巷1弄,17000.0,18.0,未知,泰隆社區,其他
泰隆社區,淡水區-鄧公路30巷1弄,16000.0,22.0,未知,泰隆社區,其他
泰隆社區,淡水區-鄧公路30巷1弄,17000.0,25.0,未知,,其他
5F/6F,淡水區-鄧公路30巷1弄16號,20000.0,8.0,分租套房,,其他
2F/4F,淡水區-民權一街,8000.0,7.0,分租套房,,其他
1F/4F,淡水區-新民街180巷,6000.0,4.7,獨立套房,,其他
1F/5F,淡水區-水源街一段71巷,14000.0,4.8,獨立套房,,其他
預約看房請加Line:@965vwsrt,淡水區-水源街二段,13000.0,6.0,獨立套房,,其他
預約看房請加Line:@965vwsrt,淡水區-水源街二段,13500.0,6.0,近淡江大學_有電梯華廈套房傢俱齊全401室（已收定）,,其他
預約看房請加Line:@965vwsrt,淡水區-水源街二段,6000.0,2.5,獨立套房,,其他
預約看房請加Line:@965vwsrt,淡水區-學府路172巷,28000.0,20.8,未知,,其他
宏盛海都 2期,淡水區-新市三路二段,36500.0,44.2,未知,,其他
聯硯繪,淡水區-自強路110號,25000.0,18.1,未知,,其他
名軒海樂地,淡水區-沙崙路二段,23000.0,19.0,未知,,其他
淡水幸福城,淡水區-學府路,13900.0,8.0,近關渡竹圍捷運馬偕醫院旁別墅社區套房,近關渡竹圍捷運馬偕醫院旁別墅社區套房,透天厝
海洋都心3,淡水區-新市五路三段,25000.0,25.0,近關渡竹圍捷運馬偕醫院旁別墅社區套房,近關渡竹圍捷運馬偕醫院旁別墅社區套房,透天厝
淡水捷運5分鐘溫馨一房一廳,淡水區-鄧公路,20800.0,28.0,未知,,其他
淡江大學步行2分鐘|淡大|大田寮|紅27公車總站|體育館可貓,淡水區-學府路,15300.0,18.0,【免仲介費】可養寵｜海都3｜中型套房🉑️開火🉑️租補,,其他
海洋都心3,淡水區-新市五路三段,7000.0,7.0,【免仲介費】可養寵｜海都3｜中型套房🉑️開火🉑️租補,,其他
海洋都心No.3 Ocean city,淡水區-新市三路二段,20000.0,21.5,未知,,其他
鄉林山海匯,淡水區-八勢路,90000.0,80.0,未知,,其他
尚海,淡水區-淡金路,1900.0,12.0,未知,寵物可貓♥︎可租補♥︎台水台電♥富麗欣♥電梯大樓♥濱海沙崙,電梯大樓
台北GOGO,淡水區-民權路,25000.0,35.0,未知,寵物可貓♥︎可租補♥︎台水台電♥富麗欣♥電梯大樓♥濱海沙崙,電梯大樓
淡水幸福城,淡水區-學府路,3000.0,6.0,未知,,其他
馬偕醫院5分鐘.室內平面車位,淡水區-大同路,3000.0,6.0,未知,,其他
盧卡小丘,淡水區-淡金路16巷,15000.0,20.9,未知,近淡水捷運站⭕️英專路商圈⭕️公寓三房⭕️靜巷住宅⭕️採光,公寓
3F/5F,淡水區-仁愛街,25000.0,19.0,未知,,其他
宏盛蒙德里安,淡水區-沙崙路一段126巷,16800.0,12.6,獨立套房,,其他
關渡山水,淡水區-民權路,20000.0,20.0,未知,,其他
1,淡水區-水源街一段122巷,30000.0,31.3,竹圍優質小套房5,,其他
理想家,淡水區-新市二路二段,6000.0,4.0,分租套房,沃盛睿達🏠社宅可租補免仲介費🔥電梯大樓／淡金路,電梯大樓
3F/3F,淡水區-民生路93號,28000.0,30.8,未知,沃盛睿達🏠社宅可租補免仲介費🔥電梯大樓／淡金路,電梯大樓
荷雅名人館,淡水區-淡金路38巷,27000.0,20.4,未知,,其他
台北灣 銀河,淡水區-新市一路一段,2000.0,5.0,未知,,其他
5坪,淡水區-新民街一段120巷45弄40號,23800.0,39.1,未知,,其他
捷運悅境,淡水區-濱海路一段,22000.0,34.6,未知,淡水捷運旁百萬裝潢🌳公寓二樓🌳三房,公寓
沙崙路公寓,淡水區-沙崙路151巷26弄,20000.0,27.3,未知,淡水捷運旁公寓,公寓
淡水捷運旁公寓,淡水區-平遠街,32000.0,42.7,未知,,其他
水天靚,淡水區-沙崙路,23000.0,20.1,未知,,其他
一森原,淡水區-中正路二段,25000.0,40.9,未知,,其他
台北灣 銀河,淡水區-新市一路一段,28800.0,39.0,✨紅樹林捷運近輕軌電梯套房✨,,其他
海德公園,淡水區-中山北路二段381巷,7000.0,5.0,分租套房,,其他
3F/8F,淡水區-坪頂路,23000.0,20.0,未知,,其他
海洋都心,淡水區-新市五路三段,9000.0,8.0,分租套房,,其他
16F/17F,淡水區-學府路136巷,24000.0,18.0,未知,,其他
名軒海樂地,淡水區-沙崙路二段,30000.0,26.0,未知,,其他
名軒海樂地,淡水區-沙崙路二段,30000.0,29.1,未知,,其他
合康嘉年華,淡水區-新市一路一段,30000.0,34.6,未知,,其他
Park 99,淡水區-義山路一段401巷,25000.0,15.3,未知,,其他
台北灣-江南大宅,淡水區-沙崙路一段,23000.0,15.0,未知,,其他
摩納哥,淡水區-淡金路38巷,25000.0,40.3,未知,,其他
名軒海樂地,淡水區-沙崙路二段,27000.0,52.7,未知,,其他
和光景闊,淡水區-新市五路二段,7500.0,6.0,獨立套房,,其他
5F/6F,淡水區-學府路181巷,23000.0,27.5,未知,,其他
淡水捷運5分鐘溫馨一房一廳,淡水區-鄧公路,19960.0,20.0,近關渡竹圍捷運馬偕醫院旁別墅社區套房,寵物可貓♥︎可租補♥︎台水台電♥富麗欣♥電梯大樓♥濱海沙崙,電梯大樓
近關渡竹圍捷運馬偕醫院旁別墅社區套房,淡水區-民族路,29000.0,31.0,未知,寵物可貓♥︎可租補♥︎台水台電♥富麗欣♥電梯大樓♥濱海沙崙,電梯大樓
富麗欣,淡水區-濱海路二段,25000.0,25.0,未知,,其他
尚海,淡水區-淡金路,20000.0,21.5,未知,,其他
大旭地,淡水區-北新路一段,90000.0,80.0,未知,,其他
海天DEFG棟,淡水區-八勢一街,20800.0,28.0,未知,,其他
海洋都心3,淡水區-新市五路三段,1900.0,12.0,【免仲介費】海都3｜標準套房🉑️開伙｜獨立陽台🉑️租補,台北GOGO社區近竹圍捷運站車位出租,其他
海洋都心3,淡水區-新市五路三段,32000.0,46.5,未知,台北GOGO社區近竹圍捷運站車位出租,其他
台北GOGO,淡水區-民權路,7000.0,7.0,未知,,其他
宏盛水悅,淡水區-新市三路,72000.0,57.0,【免仲介費】可養寵｜海都3｜中型套房🉑️開火🉑️租補,,其他
仁愛街近英專路優質美套，租金含公用水電,淡水區-仁愛街,15300.0,18.0,【免仲介費】可養寵｜海都3｜中型套房🉑️開火🉑️租補,,其他
鄉林山海匯,淡水區-八勢路,6000.0,5.0,【免仲介費】可養寵｜海都3｜中型套房🉑️開火🉑️租補,,其他
海洋都心No.3 Ocean city,淡水區-新市三路二段,25000.0,35.0,未知,,其他
淡大溫哥華,淡水區-水源街二段,18000.0,35.0,未知,,其他
淡江大學步行2分鐘|淡大|大田寮|紅27公車總站|體育館可貓,淡水區-學府路,13600.0,8.0,近關渡竹圍捷運馬偕醫院旁別墅社區套房,近關渡竹圍捷運馬偕醫院旁別墅社區套房,透天厝
鴻灃青,淡水區-濱海路一段306巷60弄,58000.0,78.5,未知,,其他
舒伯特,淡水區-中正東路二段107巷1號,23500.0,39.7,未知,,其他
海洋都心,淡水區-新市五路三段,27000.0,38.0,未知,,其他
一森原,淡水區-中正路二段,31500.0,30.0,未知,,其他
富陽四季,淡水區-中正東路二段,22000.0,22.7,未知,,其他
海洋都心,淡水區-新市五路三段,27000.0,36.0,*可租補*淡大圖書館側門走路只1分鐘.全新雙人大套房,,其他
5F/5F,淡水區-新民街,9000.0,15.0,獨立套房,,其他
B1/5F,淡水區-水源街二段74巷,30000.0,43.6,未知,,其他
佳陞Park189,淡水區-新市二路三段36巷37弄,42000.0,69.2,未知,,其他
尚海,淡水區-淡金路,13000.0,6.5,分租套房,,其他
1F/5F,淡水區-學府路205巷1弄,8000.0,6.5,分租套房,,其他
5F/5F,淡水區-新民街180巷,28800.0,22.1,未知,,其他
海德公園,淡水區-中山北路二段381巷,21000.0,21.5,未知,,其他
戀戀山海,淡水區-沙崙路,33000.0,30.0,未知,淡水指標社區/新春街口/愛貓族首選,其他
書香大第,淡水區-新興街,10800.0,9.0,水碓商圈共生雅房/新春街口,淡水指標社區/新春街口/愛貓族首選,其他
7F/31F,淡水區-中山北路一段,7800.0,5.0,近真理大學/海科大/2樓雙人大套房/可貓,,其他
無,淡水區-中山北路一段,9500.0,7.5,分租套房,,其他
2F/5F,淡水區-新春街,8600.0,6.5,分租套房,,其他
2F/5F,淡水區-新春街,10800.0,9.5,分租套房,,其他
3F/4F,淡水區-新民街,9800.0,8.0,分租套房,,其他
4F/4F,淡水區-新民街,9400.0,7.5,分租套房,,其他
3F/4F,淡水區-新民街,9300.0,7.5,分租套房,,其他
3F/4F,淡水區-新民街,8800.0,7.0,分租套房,,其他
3F/4F,淡水區-新民街,8400.0,5.5,分租套房,,其他
3F/4F,淡水區-新民街,7500.0,6.5,分租套房,,其他
3F/4F,淡水區-新民街,9200.0,6.5,分租套房,,其他
5F/5F,淡水區-新民街152巷6弄,9000.0,6.5,分租套房,,其他
5F/5F,淡水區-新民街152巷6弄,8400.0,6.0,分租套房,,其他
5F/5F,淡水區-新民街152巷6弄,22000.0,36.4,未知,,其他
淡水捷運5分鐘溫馨一房一廳,淡水區-鄧公路,25000.0,25.0,【免仲介費】可養寵｜海都3｜中型套房🉑️開火🉑️租補,,其他
海洋都心No.3 Ocean city,淡水區-新市三路二段,29000.0,31.0,未知,,其他
海天DEFG棟,淡水區-八勢一街,18000.0,35.0,未知,,其他
宏盛水悅,淡水區-新市三路,72000.0,57.0,未知,,其他
淡江大學步行2分鐘|淡大|大田寮|紅27公車總站|體育館可貓,淡水區-學府路,20800.0,28.0,未知,,其他
海洋都心3,淡水區-新市五路三段,8900.0,8.0,近關渡竹圍捷運馬偕醫院旁別墅社區套房,近關渡竹圍捷運馬偕醫院旁別墅社區套房,透天厝
淡水幸福城,淡水區-學府路,7000.0,7.0,近關渡竹圍捷運馬偕醫院旁別墅社區套房,近關渡竹圍捷運馬偕醫院旁別墅社區套房,透天厝
近關渡竹圍捷運馬偕醫院旁別墅社區套房,淡水區-民族路,6000.0,5.0,未知,台北GOGO社區近竹圍捷運站車位出租,其他
仁愛街近英專路優質美套，租金含公用水電,淡水區-仁愛街,1900.0,12.0,未知,寵物可貓♥︎可租補♥︎台水台電♥富麗欣♥電梯大樓♥濱海沙崙,電梯大樓
淡大溫哥華,淡水區-水源街二段,19960.0,20.0,【免仲介費】海都3｜標準套房🉑️開伙｜獨立陽台🉑️租補,寵物可貓♥︎可租補♥︎台水台電♥富麗欣♥電梯大樓♥濱海沙崙,電梯大樓
台北GOGO,淡水區-民權路,13900.0,17.0,【免仲介費】海都3｜標準套房🉑️開伙｜獨立陽台🉑️租補,寵物可貓♥︎可租補♥︎台水台電♥富麗欣♥電梯大樓♥濱海沙崙,電梯大樓
富麗欣,淡水區-濱海路二段,3000.0,6.0,【免仲介費】海都3｜標準套房🉑️開伙｜獨立陽台🉑️租補,,其他
海洋都心3,淡水區-新市五路三段,13600.0,18.0,【免仲介費】可養寵｜海都3｜中型套房🉑️開火🉑️租補,,其他
馬偕醫院5分鐘.室內平面車位,淡水區-大同路,15300.0,18.0,【免仲介費】可養寵｜海都3｜中型套房🉑️開火🉑️租補,,其他
海洋都心No.3 Ocean city,淡水區-新市三路二段,15300.0,7.0,分租套房,,其他
佳昂晴海,淡水區-新市一路一段331巷,28000.0,25.3,未知,,其他
天琴,淡水區-濱海路二段202巷65弄,26000.0,25.8,未知,,其他
台北灣2觀海/台北灣B區大樓區,淡水區-新市一路一段,23000.0,24.8,未知,,其他
灣頂,淡水區-淡金路二段,20500.0,17.4,未知,,其他
海洋都心,淡水區-新市五路三段,28500.0,22.0,未知,,其他
宏盛海都 2期,淡水區-新市三路二段,28000.0,28.8,未知,,其他
台北灣-江南大宅,淡水區-沙崙路一段,23000.0,44.3,未知,,其他
書香大第,淡水區-新興街,14760.0,11.9,未知,,其他
淡江柏園二期,淡水區-鄧公路29巷,28000.0,16.9,MVP社宅/淡江大學套房/租金補貼,,其他
勝華V8,淡水區-義山路一段,6000.0,6.6,MVP社宅/淡江大學高CP值套房/租金補貼,,其他
2F/5F,淡水區-北新路182巷5弄,4200.0,6.6,獨立套房,,其他
5F/5F,淡水區-北新路182巷41弄,20000.0,18.0,未知,,其他
海洋都心,淡水區-新市五路三段256號,25000.0,32.6,📣低總價套房📣,,其他
川普G3棧,淡水區-淡金路一段,5500.0,6.3,獨立套房,,其他
5F/5F,淡水區-北新路182巷,32000.0,42.7,未知,,其他
水天靚2,淡水區-沙崙路,21000.0,16.5,未知,,其他
馥樂樂,淡水區-中山北路三段,22800.0,21.3,未知,,其他
普羅旺斯,淡水區-新市一路三段,32000.0,34.0,未知,,其他
宏普樂高,淡水區-新市二路一段,24000.0,39.1,未知,,其他
聖塔露琪亞夢幻區,淡水區-淡金路,32000.0,45.4,未知,,其他
宏普樂高,淡水區-新市二路一段,20000.0,22.9,未知,,其他
2F/4F,淡水區-民權一街,23000.0,20.8,未知,,其他
海悅觀海城堡,淡水區-中正東路二段,24000.0,25.9,未知,,其他
台北GOGO,淡水區-民權路,90000.0,80.0,未知,,其他
淡大溫哥華,淡水區-水源街二段,3000.0,6.0,【免仲介費】海都3｜標準套房🉑️開伙｜獨立陽台🉑️租補,,其他
馬偕醫院5分鐘.室內平面車位,淡水區-大同路,18000.0,35.0,【免仲介費】海都3｜標準套房🉑️開伙｜獨立陽台🉑️租補,,其他
海洋都心3,淡水區-新市五路三段,13600.0,18.0,未知,寵物可貓♥︎可租補♥︎台水台電♥富麗欣♥電梯大樓♥濱海沙崙,電梯大樓
淡江大學步行2分鐘|淡大|大田寮|紅27公車總站|體育館可貓,淡水區-學府路,19960.0,20.0,未知,寵物可貓♥︎可租補♥︎台水台電♥富麗欣♥電梯大樓♥濱海沙崙,電梯大樓
淡水捷運5分鐘溫馨一房一廳,淡水區-鄧公路,25000.0,25.0,未知,寵物可貓♥︎可租補♥︎台水台電♥富麗欣♥電梯大樓♥濱海沙崙,電梯大樓
富麗欣,淡水區-濱海路二段,72000.0,57.0,未知,,其他
仁愛街近英專路優質美套，租金含公用水電,淡水區-仁愛街,25000.0,35.0,未知,,其他
淡水幸福城,淡水區-學府路,20000.0,21.5,【免仲介費】可養寵｜海都3｜中型套房🉑️開火🉑️租補,近關渡竹圍捷運馬偕醫院旁別墅社區套房,透天厝
近關渡竹圍捷運馬偕醫院旁別墅社區套房,淡水區-民族路,15300.0,18.0,【免仲介費】可養寵｜海都3｜中型套房🉑️開火🉑️租補,,其他
海天DEFG棟,淡水區-八勢一街,29000.0,31.0,【免仲介費】可養寵｜海都3｜中型套房🉑️開火🉑️租補,,其他
海洋都心No.3 Ocean city,淡水區-新市三路二段,32000.0,46.5,未知,,其他
尚海,淡水區-淡金路,1900.0,12.0,未知,台北GOGO社區近竹圍捷運站車位出租,其他
宏盛水悅,淡水區-新市三路,6000.0,5.0,未知,台北GOGO社區近竹圍捷運站車位出租,其他
淡大溫哥華,淡水區-水源街二段,6000.0,8.0,分租套房,,其他
7F/7F,淡水區-淡海路189巷,22500.0,15.9,未知,,其他
南加州,淡水區-民權路,28000.0,23.1,未知,,其他
南加州,淡水區-民權路,22500.0,15.9,未知,,其他
南加州,淡水區-民權路,25000.0,26.3,未知,,其他
水世紀,淡水區-民權路,20000.0,20.1,未知,,其他
一森原,淡水區-中正路二段,24000.0,39.1,未知,,其他
聖塔露琪亞春天區,淡水區-淡金路,30000.0,51.9,未知,,其他
里山紀,淡水區-坪頂路,48000.0,69.6,價格可談剩最後一間★新民街超優套房★離學校近可租屋補助!,,其他
水紀元,淡水區-民權路,7000.0,8.0,竹圍近捷運關渡山水大套房👍,,其他
5F/6F,淡水區-新民街,20000.0,16.3,竹圍近捷運關渡山水大套房👍,,其他
關渡山水,淡水區-民權路,8500.0,6.5,獨立套房,,其他
2F/5F,淡水區-學府路181巷,20500.0,25.0,未知,,其他
台北灣-江南大宅,淡水區-沙崙路一段,19000.0,33.2,未知,,其他
佳昂家昂,淡水區-沙崙路一段126巷,56000.0,63.4,未知,,其他
1F~3F/3F,淡水區-興福寮66巷,14000.0,9.0,獨立套房,,其他
永樂大廈,淡水區-中山路93號,20000.0,14.9,獨立套房,,其他
有富SUNDAY,淡水區-八勢一街,4100.0,4.2,分租套房,,其他
2F/4F,淡水區-新生街64號,5000.0,4.2,未知,,其他
1F/1F,淡水區-崁頂五路,35000.0,53.9,未知,,其他
天外天,淡水區-中正東路二段143巷12弄,27000.0,25.6,未知,,其他
聯園璞玉/聯園樸麗,淡水區-新市一路一段99巷,16800.0,12.5,未知,依現場社區名稱,其他
依現場社區名稱,淡水區-淡海路189巷,32258.0,45.0,未知,,其他
海洋都心No.3 Ocean city,淡水區-新市三路二段,20800.0,18.2,未知,,其他
海洋都心No.3 Ocean city,淡水區-新市三路二段,20800.0,29.4,飛鳳山莊電梯5樓，美套房淡大後門3分鐘,,其他
海洋都心No.3 Ocean city,淡水區-新市三路二段,7500.0,6.0,分租套房,,其他
無,淡水區-北新路184巷,33000.0,23.2,摩天31社區電梯大樓套房出租,摩天31社區電梯大樓套房出租,電梯大樓
布拉諾花園,淡水區-坪頂路,13500.0,11.0,可長短租獨立套房有對外窗傢俱傢俱全含,摩天31社區電梯大樓套房出租,電梯大樓
摩天31,淡水區-中山北路一段259號,5000.0,4.0,獨立套房,,其他
2F/3F,淡水區-水源街二段177巷,32000.0,40.5,未知,,其他
淡大溫哥華,淡水區-水源街二段,7000.0,7.0,未知,,其他
淡水捷運5分鐘溫馨一房一廳,淡水區-鄧公路,90000.0,80.0,【免仲介費】可養寵｜海都3｜中型套房🉑️開火🉑️租補,,其他
海洋都心No.3 Ocean city,淡水區-新市三路二段,19960.0,8.0,近關渡竹圍捷運馬偕醫院旁別墅社區套房,近關渡竹圍捷運馬偕醫院旁別墅社區套房,透天厝
富麗欣,淡水區-濱海路二段,72000.0,57.0,近關渡竹圍捷運馬偕醫院旁別墅社區套房,台北GOGO社區近竹圍捷運站車位出租,其他
鄉林山海匯,淡水區-八勢路,18000.0,35.0,未知,台北GOGO社區近竹圍捷運站車位出租,其他
台北GOGO,淡水區-民權路,25000.0,25.0,【免仲介費】海都3｜標準套房🉑️開伙｜獨立陽台🉑️租補,,其他
淡江大學步行2分鐘|淡大|大田寮|紅27公車總站|體育館可貓,淡水區-學府路,13900.0,17.0,【免仲介費】海都3｜標準套房🉑️開伙｜獨立陽台🉑️租補,,其他
大旭地,淡水區-北新路一段,32000.0,46.5,【免仲介費】海都3｜標準套房🉑️開伙｜獨立陽台🉑️租補,,其他
海洋都心3,淡水區-新市五路三段,20800.0,28.0,未知,,其他
尚海,淡水區-淡金路,25000.0,35.0,未知,,其他
宏盛海都 2期,淡水區-新市三路二段267號,31000.0,24.9,未知,,其他
台北灣-江南大宅,淡水區-沙崙路一段,24000.0,14.0,春天芳鄰精美套房雅居,,其他
台北灣 銀河,淡水區-新市一路一段,15800.0,13.1,春天芳鄰精美套房雅居,,其他
春天芳鄰,淡水區-民族路65巷,16000.0,30.8,近淡大操場雙人套房出租，附近生活機能方便,,其他
2F/5F,淡水區-淡海路206巷,4500.0,6.0,分租套房,,其他
3F/4F,淡水區-學府路,23000.0,15.5,未知,,其他
海揚,淡水區-中正東路一段3巷14弄,17000.0,12.0,未知,,其他
宏普樂高,淡水區-新市二路一段,22000.0,30.4,未知,,其他
宏普樂高,淡水區-新市二路一段,9000.0,12.0,獨立套房,,其他
淡水筳園,淡水區-新民街120巷,23000.0,23.8,未知,,其他
台北灣 銀河,淡水區-新市一路一段,7000.0,4.3,獨立套房,,其他
金房東,淡水區-學府路205巷6號,14500.0,15.0,未知,,其他
2F/4F,淡水區-水源街一段,27000.0,51.1,未知,,其他
蔚城,淡水區-新市一路三段101巷,27000.0,27.3,未知,,其他
福樂家,淡水區-崁頂五路,40000.0,60.0,未知,,其他
2F/4F,淡水區-長興街,28000.0,47.0,未知,,其他
關渡大國二期,淡水區-民族路31巷32號,14000.0,12.1,未知,,其他
中山路/文化路,淡水區-清水街,21000.0,14.5,未知,,其他
名軒海樂地,淡水區-沙崙路二段,28633.0,68.8,未知,,其他
海洋都心No.3 Ocean city,淡水區-新市三路二段,18000.0,17.5,未知,,其他
25F/26F,淡水區-淡金路二段,24000.0,36.9,未知,,其他
鴻灃青,淡水區-濱海路一段306巷60弄82號,26000.0,25.0,未知,,其他
公園居,淡水區-中山北路二段189巷32號,22000.0,23.0,未知,,其他
宏盛水悅,淡水區-新市三路一段,38000.0,76.1,未知,,其他
美人嶼海灣別墅 - 二期C區,淡水區-中正路二段,9000.0,9.0,❤近英專路全配大套房,,其他
4F/4F,淡水區-英專路101巷5弄,13000.0,12.0,分租套房,,其他
3F/4F,淡水區-水源街一段36號,18500.0,16.4,未知,,其他
海洋都心,淡水區-新市五路三段,22000.0,19.8,近淡江大學旁雙人床套房D2505,,其他
關渡大國一期,淡水區-民族路31巷,9000.0,6.0,獨立套房,,其他
近關渡竹圍捷運馬偕醫院旁別墅社區套房,淡水區-民族路,25000.0,35.0,【免仲介費】海都3｜標準套房🉑️開伙｜獨立陽台🉑️租補,,其他
淡水幸福城,淡水區-學府路,25000.0,25.0,【免仲介費】海都3｜標準套房🉑️開伙｜獨立陽台🉑️租補,,其他
尚海,淡水區-淡金路,32000.0,46.5,未知,,其他
海天DEFG棟,淡水區-八勢一街,1900.0,12.0,未知,台北GOGO社區近竹圍捷運站車位出租,其他
宏盛水悅,淡水區-新市三路,7000.0,6.0,未知,台北GOGO社區近竹圍捷運站車位出租,其他
台北GOGO,淡水區-民權路,3000.0,18.0,未知,,其他
仁愛街近英專路優質美套，租金含公用水電,淡水區-仁愛街,13600.0,18.0,未知,寵物可貓♥︎可租補♥︎台水台電♥富麗欣♥電梯大樓♥濱海沙崙,電梯大樓
馬偕醫院5分鐘.室內平面車位,淡水區-大同路,19960.0,20.0,未知,寵物可貓♥︎可租補♥︎台水台電♥富麗欣♥電梯大樓♥濱海沙崙,電梯大樓
淡水捷運5分鐘溫馨一房一廳,淡水區-鄧公路,20800.0,28.0,未知,寵物可貓♥︎可租補♥︎台水台電♥富麗欣♥電梯大樓♥濱海沙崙,電梯大樓
鄉林山海匯,淡水區-八勢路,6000.0,5.0,近關渡竹圍捷運馬偕醫院旁別墅社區套房,近關渡竹圍捷運馬偕醫院旁別墅社區套房,透天厝
淡大溫哥華,淡水區-水源街二段,18000.0,35.0,近關渡竹圍捷運馬偕醫院旁別墅社區套房,近關渡竹圍捷運馬偕醫院旁別墅社區套房,透天厝
關渡大國一期,淡水區-民族路31巷,9000.0,5.5,獨立套房,,其他
5F/5F,淡水區-學府路172巷,8500.0,5.5,獨立套房,,其他
2F/5F,淡水區-學府路172巷,5000.0,5.0,獨立套房,,其他
6F/6F,淡水區-大忠街133號,16000.0,23.3,未知,🌟竹圍捷運站對面公寓🌟雙陽台，可養寵物,公寓
3F/4F,淡水區-新生街55巷,12000.0,24.0,未知,🌟竹圍捷運站對面公寓🌟雙陽台，可養寵物,公寓
5F/5F,淡水區-民權路177巷,22500.0,15.9,未知,💵租金補貼✨免服務費🚇近輕軌♨知名社區公設齊全,其他
南加州,淡水區-民權路19號,23000.0,24.5,未知,💵租金補貼✨免服務費🚇近輕軌♨知名社區公設齊全,其他
名軒海樂地,淡水區-沙崙路二段,31000.0,24.9,未知,,其他
台北灣-江南大宅,淡水區-沙崙路一段,45000.0,76.2,未知,,其他
整棟/4F,淡水區-中正路二段,70000.0,79.8,未知,,其他
無,淡水區-中正東路二段105巷,1000.0,4.0,未知,,其他
Times淡水崁頂三路,淡水區-崁頂三路,30000.0,18.8,未知,,其他
漫活時代1,淡水區-竿蓁二街19巷,19900.0,21.0,未知,,其他
11F/14F,淡水區-中正東路一段,28000.0,27.2,未知,,其他
傳家雅苑,淡水區-新市一路三段59號,33000.0,20.7,未知,,其他
布拉諾花園,淡水區-坪頂路,24000.0,27.2,未知,,其他
西恩那,淡水區-坪頂路52巷,7000.0,7.7,獨立套房,,其他
來來香榭,淡水區-新民街222巷16弄,38000.0,40.2,未知,,其他
好風光II,淡水區-紅樹林路,4700.0,5.0,分租套房,,其他
4F/5F,淡水區-新民街222巷16弄3號,27000.0,19.8,未知,,其他
勝華V8,淡水區-義山路一段,23000.0,27.3,海景天下2期方正套房近淡江大學出租,,其他
西恩那,淡水區-坪頂路52巷,9000.0,6.2,獨立套房,,其他
海景天下二期大樓區,淡水區-大忠街117號,22000.0,20.7,未知,,其他
吉美悅洋,淡水區-中正路二段,14000.0,11.0,未知,,其他
尚海,淡水區-淡金路,3000.0,6.0,近關渡竹圍捷運馬偕醫院旁別墅社區套房,近關渡竹圍捷運馬偕醫院旁別墅社區套房,透天厝
馬偕醫院5分鐘.室內平面車位,淡水區-大同路,72000.0,57.0,未知,,其他
宏盛水悅,淡水區-新市三路,1900.0,12.0,未知,台北GOGO社區近竹圍捷運站車位出租,其他
鄉林山海匯,淡水區-八勢路,90000.0,80.0,未知,台北GOGO社區近竹圍捷運站車位出租,其他
海天DEFG棟,淡水區-八勢一街,25000.0,25.0,未知,,其他
淡水幸福城,淡水區-學府路,7000.0,7.0,【免仲介費】可養寵｜海都3｜中型套房🉑️開火🉑️租補,,其他
大旭地,淡水區-北新路一段,15300.0,18.0,【免仲介費】可養寵｜海都3｜中型套房🉑️開火🉑️租補,寵物可貓♥︎可租補♥︎台水台電♥富麗欣♥電梯大樓♥濱海沙崙,電梯大樓
仁愛街近英專路優質美套，租金含公用水電,淡水區-仁愛街,19960.0,20.0,【免仲介費】可養寵｜海都3｜中型套房🉑️開火🉑️租補,寵物可貓♥︎可租補♥︎台水台電♥富麗欣♥電梯大樓♥濱海沙崙,電梯大樓
海洋都心No.3 Ocean city,淡水區-新市三路二段,20800.0,28.0,未知,寵物可貓♥︎可租補♥︎台水台電♥富麗欣♥電梯大樓♥濱海沙崙,電梯大樓
富麗欣,淡水區-濱海路二段,13900.0,17.0,【免仲介費】海都3｜標準套房🉑️開伙｜獨立陽台🉑️租補,,其他
海洋都心3,淡水區-新市五路三段,13600.0,18.0,【免仲介費】海都3｜標準套房🉑️開伙｜獨立陽台🉑️租補,,其他
近關渡竹圍捷運馬偕醫院旁別墅社區套房,淡水區-民族路,8900.0,10.0,獨立套房,,其他
5F/5F,淡水區-新民街180巷7弄27號,16000.0,26.2,未知,淡水，真理大學，公寓3房，可寵物，空屋，台水電,公寓
2F/4F,淡水區-真理街2巷2弄,25000.0,28.5,未知,,其他
川普G3棧,淡水區-淡金路一段569號,17000.0,30.5,未知,,其他
3F/4F,淡水區-淡海路72巷,21600.0,27.2,未知,,其他
鴻灃青,淡水區-濱海路一段306巷60弄,22000.0,26.4,未知,,其他
海洋都心,淡水區-新市五路三段,20000.0,19.9,未知,,其他
美麗境,淡水區-濱海路一段306巷,24000.0,20.9,未知,,其他
台北灣-銀河,淡水區-新市一路一段270號,27000.0,19.8,未知,,其他
勝華V8,淡水區-義山路一段,27000.0,42.3,未知,,其他
勝華V8,淡水區-義山路一段399號,16800.0,16.0,獨立套房,,其他
淡大捷森堡,淡水區-學府路136巷,19000.0,21.8,未知,,其他
麗陽花園,淡水區-鄧公路,13500.0,7.0,分租套房,,其他
3F/3F,淡水區-新民街180巷21號,20000.0,15.7,未知,,其他
海洋都心,淡水區-新市五路三段,25000.0,45.2,未知,,其他
佳昂晴海,淡水區-新市一路一段331巷,30000.0,17.4,未知,,其他
合謙飛時代,淡水區-濱海路一段,20000.0,22.3,未知,🔥淡水海景大三房｜優質電梯大樓｜免服務費🔥,電梯大樓
夢蝶,淡水區-自強路,24000.0,25.5,未知,🔥淡水海景大三房｜優質電梯大樓｜免服務費🔥,電梯大樓
海明盛,淡水區-中正路一段156巷,19000.0,13.8,未知,,其他
麗景,淡水區-中正東路一段,22000.0,36.9,未知,,其他
海洋都心2,淡水區-新市三路二段,26000.0,30.9,未知,,其他
台北灣2觀海/台北灣B區大樓區,淡水區-新市一路一段12號,26000.0,6.0,分租套房,,其他
名軒海樂地,淡水區-沙崙路二段711號,6000.0,24.0,分租套房,,其他
3F/5F,淡水區-新民街,16000.0,24.0,未知,,其他
海洋都心No.3 Ocean city,淡水區-新市三路二段,19000.0,29.0,未知,,其他
海洋都心第一期,淡水區-新市五路三段,35000.0,48.0,兆基社會住宅🏠Benson免仲介費可租補宏國青山套房有陽台,,其他
整棟/3F,淡水區-興福寮66巷,9500.0,7.7,獨立套房,,其他
宏國青山,淡水區-北新路,8000.0,10.3,未知,,其他
新環境華廈,淡水區-學府路128巷,21500.0,27.0,未知,,其他
海洋都心No.3 Ocean city,淡水區-新市三路二段,3000.0,7.0,未知,,其他
淡水捷運5分鐘溫馨一房一廳,淡水區-鄧公路,7000.0,8.0,近關渡竹圍捷運馬偕醫院旁別墅社區套房,近關渡竹圍捷運馬偕醫院旁別墅社區套房,透天厝
馬偕醫院5分鐘.室內平面車位,淡水區-大同路,8900.0,8.0,近關渡竹圍捷運馬偕醫院旁別墅社區套房,寵物可貓♥︎可租補♥︎台水台電♥富麗欣♥電梯大樓♥濱海沙崙,電梯大樓
仁愛街近英專路優質美套，租金含公用水電,淡水區-仁愛街,19960.0,20.0,近關渡竹圍捷運馬偕醫院旁別墅社區套房,寵物可貓♥︎可租補♥︎台水台電♥富麗欣♥電梯大樓♥濱海沙崙,電梯大樓
近關渡竹圍捷運馬偕醫院旁別墅社區套房,淡水區-民族路,20000.0,21.5,未知,寵物可貓♥︎可租補♥︎台水台電♥富麗欣♥電梯大樓♥濱海沙崙,電梯大樓
富麗欣,淡水區-濱海路二段,20800.0,28.0,未知,,其他
海天DEFG棟,淡水區-八勢一街,18000.0,35.0,未知,,其他
淡江大學步行2分鐘|淡大|大田寮|紅27公車總站|體育館可貓,淡水區-學府路,90000.0,80.0,未知,,其他
鄉林山海匯,淡水區-八勢路,13900.0,17.0,【免仲介費】海都3｜標準套房🉑️開伙｜獨立陽台🉑️租補,,其他
海洋都心3,淡水區-新市五路三段,1900.0,12.0,未知,台北GOGO社區近竹圍捷運站車位出租,其他
大旭地,淡水區-北新路一段,32000.0,46.5,未知,台北GOGO社區近竹圍捷運站車位出租,其他
台北GOGO,淡水區-民權路,29000.0,31.0,未知,,其他
宏盛水悅,淡水區-新市三路,6000.0,5.0,未知,,其他
淡大溫哥華,淡水區-水源街二段,15300.0,18.0,【免仲介費】可養寵｜海都3｜中型套房🉑️開火🉑️租補,,其他
淡水幸福城,淡水區-學府路,13600.0,18.0,【免仲介費】可養寵｜海都3｜中型套房🉑️開火🉑️租補,,其他
淡水捷運5分鐘溫馨一房一廳,淡水區-鄧公路,13600.0,31.2,未知,,其他
海德公園,淡水區-中山北路二段381巷,28000.0,34.6,未知,,其他
海洋都心,淡水區-新市五路三段,25000.0,23.4,未知,,其他
台北灣 銀河,淡水區-新市一路一段,25500.0,28.0,未知,,其他
台北灣 銀河,淡水區-新市一路一段,21000.0,31.2,未知,,其他
大河文明,淡水區-沙崙路,18500.0,27.7,未知,,其他
海洋都心,淡水區-新市五路三段,17000.0,13.5,未知,,其他
摩納哥,淡水區-淡金路38巷,21500.0,33.1,未知,,其他
星海別墅北區,淡水區-新市一路一段,25000.0,33.1,未知,,其他
聯園璞玉/聯園樸麗,淡水區-新市一路一段99巷,25000.0,32.5,未知,,其他
台北灣 銀河,淡水區-新市一路一段,22000.0,28.8,未知,,其他
心之界,淡水區-濱海路三段148巷50弄,21000.0,26.1,未知,,其他
海洋都心,淡水區-新市五路三段,22000.0,34.6,未知,,其他
滿寶居,淡水區-沙崙路151巷26弄,19000.0,19.8,28間美套房飯店宿舍(可廠登營登)   淡水美麗辦公廠房,,其他
line id : @213uatok,淡水區-興仁路,7500.0,6.0,獨立套房,,其他
line id :  @213uatok,淡水區-新民街63巷,7000.0,5.0,獨立套房,,其他
line id  : @213uatok,淡水區-學府路181巷,24000.0,34.4,未知,,其他
淡江柏園二期,淡水區-鄧公路,35000.0,55.9,未知,,其他
康和紅樹林,淡水區-中正東路二段123號,48000.0,69.6,未知,,其他
水紀元,淡水區-民權路,25000.0,38.9,未知,,其他
宏盛蒙德里安,淡水區-沙崙路一段126巷,8800.0,6.0,可租補/近超商/獨立大套房/限一人住,,其他
2F/3F,淡水區-民生路9巷1弄,9000.0,8.0,獨立套房,,其他
4F/4F,淡水區-自強路201巷,27000.0,25.0,未知,,其他
宏盛水悅,淡水區-新市三路一段,21000.0,23.6,未知,,其他
勤家捷奏,淡水區-崁頂三路,24000.0,19.0,近淡水捷運站電梯優質文青套房6800元起,,其他
台北灣銀河,淡水區-新市一路,8800.0,8.0,分租套房,,其他
無,淡水區-英專路130號,16000.0,35.9,紅樹林登輝秀錦有陽台有窗獨立洗衣機套房🏠竿蓁林輕軌步行3分,,其他
台北灣三期江南頤和,淡水區-濱海路三段148巷,8000.0,7.0,分租套房,,其他
無,淡水區-淡金路,21999.0,25.0,未知,,其他
淡水捷運5分鐘溫馨一房一廳,淡水區-鄧公路,72000.0,57.0,【免仲介費】海都3｜標準套房🉑️開伙｜獨立陽台🉑️租補,,其他
海洋都心3,淡水區-新市五路三段,7000.0,7.0,近關渡竹圍捷運馬偕醫院旁別墅社區套房,近關渡竹圍捷運馬偕醫院旁別墅社區套房,透天厝
鄉林山海匯,淡水區-八勢路,8900.0,8.0,近關渡竹圍捷運馬偕醫院旁別墅社區套房,近關渡竹圍捷運馬偕醫院旁別墅社區套房,透天厝
仁愛街近英專路優質美套，租金含公用水電,淡水區-仁愛街,20000.0,21.5,近關渡竹圍捷運馬偕醫院旁別墅社區套房,近關渡竹圍捷運馬偕醫院旁別墅社區套房,透天厝
海天DEFG棟,淡水區-八勢一街,15300.0,18.0,【免仲介費】可養寵｜海都3｜中型套房🉑️開火🉑️租補,,其他
海洋都心No.3 Ocean city,淡水區-新市三路二段,29000.0,31.0,未知,台北GOGO社區近竹圍捷運站車位出租,其他
淡水幸福城,淡水區-學府路,3000.0,6.0,未知,寵物可貓♥︎可租補♥︎台水台電♥富麗欣♥電梯大樓♥濱海沙崙,電梯大樓
馬偕醫院5分鐘.室內平面車位,淡水區-大同路,6000.0,5.0,未知,寵物可貓♥︎可租補♥︎台水台電♥富麗欣♥電梯大樓♥濱海沙崙,電梯大樓
淡大溫哥華,淡水區-水源街二段,90000.0,80.0,未知,,其他
大旭地,淡水區-北新路一段,20800.0,28.0,未知,,其他
皇城家天下,淡水區-後洲路一段,27000.0,18.3,未知,,其他
將捷之森,淡水區-淡金路二段,18000.0,16.0,未知,,其他
3F/3F,淡水區-中山路108巷,28000.0,32.9,未知,,其他
台北灣 銀河,淡水區-新市一路一段,22000.0,38.1,未知,🍎近捷運走路5分鐘內的佰萬裝潢公寓二樓三房,公寓
和光同塵,淡水區-新市二路三段172巷3弄,20000.0,27.3,可租補★淡大財庫五星級電梯獨立大套房★全新粉刷★有個人洗衣機,🍎近捷運走路5分鐘內的佰萬裝潢公寓二樓三房,公寓
平遠街,淡水區-平遠街,12000.0,11.0,獨立套房,,其他
淡大財庫,淡水區-學府路136巷55號,18500.0,28.0,未知,,其他
海洋都心,淡水區-新市五路三段,19500.0,17.0,🔹水源街精緻分租套房近市場公車站🔹,海揚社區,其他
海揚社區,淡水區-中正東路一段3巷14弄,6000.0,5.0,分租套房,,其他
5F/5F,淡水區-水源街一段18巷,23000.0,17.8,未知,,其他
水天靚,淡水區-沙崙路,26000.0,28.7,未知,,其他
和合海景,淡水區-新市六路一段,24000.0,18.9,未知,,其他
佳昂晴海,淡水區-新市一路一段331巷,22000.0,18.6,未知,,其他
心之界,淡水區-濱海路三段148巷50弄,26000.0,35.0,未知,🌳全新沙崙社區🌳富庭峰築家三房,其他
和光五明,淡水區-義山路一段401巷,26000.0,32.8,未知,🌳全新沙崙社區🌳富庭峰築家三房,其他
富庭峰築家,淡水區-沙崙路201巷55號,20500.0,12.1,未知,,其他
文學苑,淡水區-中山北路三段,19500.0,37.9,未知,,其他
鴻灃青,淡水區-濱海路一段306巷60弄,27000.0,40.1,未知,,其他
將捷之森,淡水區-淡金路二段,19000.0,16.9,未知,,其他
海洋都心,淡水區-新市五路三段,24000.0,34.0,未知,,其他
淡水幸福城,淡水區-學府路,29000.0,31.0,未知,寵物可貓♥︎可租補♥︎台水台電♥富麗欣♥電梯大樓♥濱海沙崙,電梯大樓
富麗欣,淡水區-濱海路二段,15300.0,18.0,【免仲介費】可養寵｜海都3｜中型套房🉑️開火🉑️租補,,其他
尚海,淡水區-淡金路,13600.0,18.0,【免仲介費】可養寵｜海都3｜中型套房🉑️開火🉑️租補,,其他
海洋都心No.3 Ocean city,淡水區-新市三路二段,25000.0,25.0,未知,台北GOGO社區近竹圍捷運站車位出租,其他
大旭地,淡水區-北新路一段,20800.0,28.0,未知,台北GOGO社區近竹圍捷運站車位出租,其他
台北GOGO,淡水區-民權路,18000.0,35.0,【免仲介費】海都3｜標準套房🉑️開伙｜獨立陽台🉑️租補,,其他
海洋都心3,淡水區-新市五路三段,13900.0,17.0,【免仲介費】海都3｜標準套房🉑️開伙｜獨立陽台🉑️租補,,其他
淡江大學步行2分鐘|淡大|大田寮|紅27公車總站|體育館可貓,淡水區-學府路,32000.0,46.5,【免仲介費】海都3｜標準套房🉑️開伙｜獨立陽台🉑️租補,,其他
海洋都心3,淡水區-新市五路三段,90000.0,80.0,未知,,其他
宏盛水悅,淡水區-新市三路,8900.0,8.0,近關渡竹圍捷運馬偕醫院旁別墅社區套房,近關渡竹圍捷運馬偕醫院旁別墅社區套房,透天厝
近關渡竹圍捷運馬偕醫院旁別墅社區套房,淡水區-民族路,6000.0,5.0,未知,,其他
海天DEFG棟,淡水區-八勢一街,3000.0,7.0,未知,,其他
淡大溫哥華,淡水區-水源街二段,7000.0,57.0,未知,,其他
淡水幸福城,淡水區-學府路,25000.0,27.2,未知,,其他
麥迪奇名家,淡水區-淡金路38巷35弄,32000.0,27.3,未知,,其他
馥人灣-三水區,淡水區-八勢路2巷,28000.0,36.3,竹圍近捷運關渡大國套房👍,,其他
海闊天高天高區,淡水區-中正東路二段25巷,16000.0,9.8,竹圍近捷運關渡大國套房👍,,其他
關渡大國二期,淡水區-民族路31巷,12000.0,12.2,未知,,其他
關渡大國二期,淡水區-民族路31巷,22000.0,23.8,未知,❤️捷運佰萬裝潢公寓二樓三房❤️,公寓
秀山莊,淡水區-中正東路二段143巷12弄,20000.0,27.3,未知,❤️捷運佰萬裝潢公寓二樓三房❤️,公寓
2F/5F,淡水區-平遠街,28000.0,24.4,未知,,其他
水天靚2,淡水區-沙崙路,25000.0,21.1,未知,,其他
1F/4F,淡水區-民族路132巷1弄,40000.0,49.6,超近淡大分租套房限學生(202室),,其他
2F/3F,淡水區-水源街二段,28800.0,18.8,未知,,其他
海德公園,淡水區-中山北路二段381巷113號,23000.0,16.0,未知,,其他
名軒海樂地,淡水區-沙崙路二段,25000.0,25.0,未知,,其他
佳昂晴海,淡水區-新市一路一段331巷,25000.0,22.7,未知,,其他
海洋都心,淡水區-新市五路三段,18000.0,15.5,兆基🏡近真理大學輕鬆住新民街分租套房,,其他
台北灣銀河,淡水區-新市一路一段,4700.0,6.0,分租套房,,其他
4F/5F,淡水區-新民街222巷16弄,21000.0,29.9,兆基社會住宅🏡近紅樹林站電梯景觀可租補大套房,,其他
家天下,淡水區-後洲路一段,16000.0,10.2,兆基🏡近真理大學輕鬆入住分租套房,清淞社區,其他
清淞社區,淡水區-淡金路,4700.0,6.0,分租套房,,其他
4F/5F,淡水區-新民街222巷16弄,24200.0,22.2,未知,,其他
海洋都心一期,淡水區-新市五路三段,19500.0,18.9,未知,,其他
謙樹,淡水區-新市三路一段,30000.0,25.7,未知,,其他
尚海,淡水區-淡金路,23000.0,34.8,兆基社會住宅🏠Benson可租補免仲費淡水新環境套房(可貓,,其他
丰悅夏宮,淡水區-新春街,7000.0,5.5,兆基🏡近真理大學輕鬆住新民街分租套房,,其他
新環境,淡水區-學府路128巷,4700.0,6.0,獨立套房,,其他
4F/5F,淡水區-新民街222巷16弄,10300.0,12.6,兆基社會住宅🏡近紅樹林捷運站可毛孩輕鬆入住清淞套房,,其他
日若山莊二期大樓區,淡水區-水碓25巷,17000.0,12.4,兆基🏡-S【鄧公路】2樓分租套房,,其他
清淞,淡水區-淡金路,5500.0,7.0,分租套房,,其他
2F/2F,淡水區-鄧公路25巷,26900.0,20.6,未知,,其他
海洋都心No.3 Ocean city,淡水區-新市三路二段,6000.0,5.0,【免仲介費】海都3｜標準套房🉑️開伙｜獨立陽台🉑️租補,,其他
淡大溫哥華,淡水區-水源街二段,18000.0,35.0,【免仲介費】海都3｜標準套房🉑️開伙｜獨立陽台🉑️租補,寵物可貓♥︎可租補♥︎台水台電♥富麗欣♥電梯大樓♥濱海沙崙,電梯大樓
淡江大學步行2分鐘|淡大|大田寮|紅27公車總站|體育館可貓,淡水區-學府路,20000.0,21.5,未知,寵物可貓♥︎可租補♥︎台水台電♥富麗欣♥電梯大樓♥濱海沙崙,電梯大樓
富麗欣,淡水區-濱海路二段,13600.0,18.0,未知,,其他
海天DEFG棟,淡水區-八勢一街,7000.0,7.0,未知,台北GOGO社區近竹圍捷運站車位出租,其他
淡水捷運5分鐘溫馨一房一廳,淡水區-鄧公路,1900.0,6.0,未知,台北GOGO社區近竹圍捷運站車位出租,其他
仁愛街近英專路優質美套，租金含公用水電,淡水區-仁愛街,3000.0,6.0,未知,台北GOGO社區近竹圍捷運站車位出租,其他
台北GOGO,淡水區-民權路,72000.0,57.0,未知,,其他
大旭地,淡水區-北新路一段,8900.0,8.0,近關渡竹圍捷運馬偕醫院旁別墅社區套房,近關渡竹圍捷運馬偕醫院旁別墅社區套房,透天厝
海洋都心3,淡水區-新市五路三段,29000.0,31.0,【免仲介費】可養寵｜海都3｜中型套房🉑️開火🉑️租補,近關渡竹圍捷運馬偕醫院旁別墅社區套房,透天厝
近關渡竹圍捷運馬偕醫院旁別墅社區套房,淡水區-民族路,15300.0,18.0,【免仲介費】可養寵｜海都3｜中型套房🉑️開火🉑️租補,,其他
尚海,淡水區-淡金路,32000.0,46.5,【免仲介費】可養寵｜海都3｜中型套房🉑️開火🉑️租補,,其他
宏盛水悅,淡水區-新市三路,32000.0,46.5,未知,,其他
海洋都心三期,淡水區-新市三路二段,12000.0,12.7,兆基社會住宅🏠W可租補-獨立套房/大空間/電梯/鄧公/捷運,,其他
海洋都心3,淡水區-新市五路三段,10000.0,9.8,獨立套房,,其他
2F/6F,淡水區-鄧公路29巷,21000.0,30.3,未知,,其他
淡江豪景,淡水區-中正路二段22巷,22000.0,21.2,未知,,其他
江南大宅,淡水區-沙崙路一段,25000.0,15.5,未知,,其他
銀河,淡水區-新市一路一段,20000.0,18.5,兆基社會住宅🏡近淡大校區巧克力社區套房,兆基社會住宅🏡近淡大校區巧克力社區套房,其他
台北灣銀河,淡水區-新市一路一段,9500.0,7.4,兆基社會住宅🏡C【新環境社區】可租補/近全聯/獨立套房,兆基社會住宅🏡C【新環境社區】可租補/近全聯/獨立套房,其他
巧克力花園,淡水區-水源街二段177巷,6000.0,6.8,獨立套房,兆基社會住宅🏡C【新環境社區】可租補/近全聯/獨立套房,其他
新環境,淡水區-學府路128巷,22000.0,28.8,兆基社會住宅🏡S可租補-清淞獨立套房/近紅樹林,,其他
邁阿密,淡水區-新市一路三段101巷16弄,14500.0,8.5,獨立套房,,其他
清淞,淡水區-淡金路,22000.0,26.9,未知,,其他
普羅旺斯,淡水區-新市一路三段,23500.0,24.5,未知,兆基社會住宅🏡海洋都心一期優質社區含車位,其他
海洋都心二期,淡水區-新市三路二段,17000.0,18.3,未知,兆基社會住宅🏡海洋都心一期優質社區含車位,其他
海洋都心,淡水區-新市五路三段,25000.0,35.6,兆基🏡近真理大學輕鬆住新民街分租套房,,其他
4F/12F,淡水區-竹林路,4700.0,6.0,分租套房,,其他
4F/5F,淡水區-新民街222巷16弄,4500.0,6.0,分租套房,,其他
4F/5F,淡水區-新民街222巷16弄,21000.0,22.7,未知,,其他
海洋都心一期,淡水區-新市五路三段,23400.0,25.0,未知,兆基社會住宅🏡近淡大校區採買方便巧克力社區四房,其他
晴海,淡水區-新市一路一段331巷,14500.0,18.0,未知,巧克力社區,其他
巧克力社區,淡水區-水源街二段177巷,16600.0,19.8,未知,,其他
海洋都心,淡水區-新市五路三段,24000.0,20.2,未知,,其他
有富SUNDAY,淡水區-八勢一街,22000.0,23.8,淡水站前邊間🌸含管理費🌸採光美套房🌸設備更新(可租補),,其他
秀山莊,淡水區-中正東路二段143巷12弄,18000.0,14.7,近淡水捷運中山路優質套房有對外窗步行5分鐘到家,,其他
淡水站前大樓,淡水區-英專路65巷,11000.0,6.0,獨立套房,,其他
中山路,淡水區-中山路,20200.0,23.0,兆基🏡南加州樓中樓套房/獨立陽台,,其他
松下品泉,淡水區-北新路二段,18000.0,12.3,獨立套房,,其他
14F/24F,淡水區-民權路,16800.0,7.0,未知,超大空間公寓三樓➕大屋頂平台🎏（透天）,公寓
心航線,淡水區-文化路,23000.0,30.9,🍎【新民街商圈套房｜獨立衛浴｜網路第四台】,超大空間公寓三樓➕大屋頂平台🎏（透天）,公寓
3F/3F,淡水區-民族路,5500.0,5.0,分租套房,,其他
富麗欣,淡水區-濱海路二段,25000.0,35.0,近關渡竹圍捷運馬偕醫院旁別墅社區套房,近關渡竹圍捷運馬偕醫院旁別墅社區套房,透天厝
淡水幸福城,淡水區-學府路,72000.0,57.0,未知,,其他
鄉林山海匯,淡水區-八勢路,3000.0,6.0,【免仲介費】可養寵｜海都3｜中型套房🉑️開火🉑️租補,,其他
海洋都心No.3 Ocean city,淡水區-新市三路二段,32000.0,7.0,未知,,其他
馬偕醫院5分鐘.室內平面車位,淡水區-大同路,7000.0,7.0,未知,台北GOGO社區近竹圍捷運站車位出租,其他
仁愛街近英專路優質美套，租金含公用水電,淡水區-仁愛街,25000.0,25.0,未知,台北GOGO社區近竹圍捷運站車位出租,其他
淡大溫哥華,淡水區-水源街二段,20000.0,21.5,未知,,其他
尚海,淡水區-淡金路,20800.0,28.0,未知,,其他
淡水捷運5分鐘溫馨一房一廳,淡水區-鄧公路,13900.0,17.0,【免仲介費】海都3｜標準套房🉑️開伙｜獨立陽台🉑️租補,,其他
富麗欣,淡水區-濱海路二段,19960.0,7.0,未知,,其他
5F/5F,淡水區-新民街180巷,1700.0,3.0,未知,,其他
鄰長春藤,淡水區-新民街120巷,23000.0,28.1,未知,依社區,其他
依社區,淡水區-自強路201巷63號,5500.0,12.0,分租套房,,其他
5F/5F,淡水區-新民街71號,9000.0,12.0,淡水夕陽美景房，簡單舒適套房，回家就像度假！,,其他
4F/4F,淡水區-英專路105巷,14000.0,11.0,獨立套房,,其他
摩天31,淡水區-中山北路一段255號,26000.0,44.2,未知,,其他
日月星辰,淡水區-濱海路一段306巷9弄,17000.0,32.0,未知,,其他
4F/5F,淡水區-水源街一段71巷,27000.0,36.0,未知,,其他
5F/5F,淡水區-新民街,20000.0,22.9,寄居蟹社會住宅🏠W可租補淡水海宴1房1廳大套房,,其他
2F/4F,淡水區-民權一街,8000.0,10.4,獨立套房,寄居蟹社會住宅🏠交通方便社區接駁車四季之旅兩房,其他
海宴,淡水區-英專路,16500.0,18.1,未知,寄居蟹社會住宅🏠交通方便社區接駁車四季之旅兩房,其他
四季之旅,淡水區-新市一路一段,18500.0,25.3,未知,,其他
海洋都心一期,淡水區-新市五路三段,18000.0,18.6,未知,,其他
海洋都心二期,淡水區-新市三路二段,18000.0,25.0,未知,,其他
台北灣-江南大宅,淡水區-沙崙路一段,19600.0,24.5,寄居蟹社會住宅🏠W力霸拎包入住套房/可租補,,其他
海洋都心二期,淡水區-新市三路二段,7900.0,6.3,寄居蟹🏠近校區淡江大學分租舒適大套房／地下一樓,,其他
力霸大學城,淡水區-北新路182巷3弄,4500.0,5.0,分租套房,,其他
B1/4F,淡水區-水源街二段,25000.0,22.7,未知,,其他
海洋都心,淡水區-新市五路三段,22000.0,44.2,未知,,其他
日月星辰,淡水區-濱海路一段306巷9弄,50000.0,46.0,未知,,其他
整棟/1F,淡水區-淡金路三段30號,15000.0,23.0,未知,,其他
學府路100巷,淡水區-學府路100巷11號,40000.0,60.0,淡水南勢埔香格里拉2F通風小套房夏日不悶熱免收服務費可租補,,其他
名軒海樂地,淡水區-沙崙路二段,25000.0,38.9,淡江風華3樓學區套房,,其他
陽光新苑,淡水區-沙崙路,8800.0,5.0,獨立套房,,其他
淡江風華,淡水區-北新路169巷69弄,12000.0,15.2,獨立套房,,其他
海洋都心3,淡水區-新市五路三段,7000.0,7.0,未知,台北GOGO社區近竹圍捷運站車位出租,其他
仁愛街近英專路優質美套，租金含公用水電,淡水區-仁愛街,6000.0,5.0,未知,,其他
大旭地,淡水區-北新路一段,25000.0,35.0,未知,,其他
淡大溫哥華,淡水區-水源街二段,8900.0,6.0,近關渡竹圍捷運馬偕醫院旁別墅社區套房,近關渡竹圍捷運馬偕醫院旁別墅社區套房,透天厝
淡水幸福城,淡水區-學府路,3000.0,6.0,近關渡竹圍捷運馬偕醫院旁別墅社區套房,近關渡竹圍捷運馬偕醫院旁別墅社區套房,透天厝
近關渡竹圍捷運馬偕醫院旁別墅社區套房,淡水區-民族路,90000.0,80.0,未知,,其他
宏盛水悅,淡水區-新市三路,29000.0,31.0,【免仲介費】可養寵｜海都3｜中型套房🉑️開火🉑️租補,,其他
海洋都心No.3 Ocean city,淡水區-新市三路二段,13900.0,17.0,【免仲介費】海都3｜標準套房🉑️開伙｜獨立陽台🉑️租補,寵物可貓♥︎可租補♥︎台水台電♥富麗欣♥電梯大樓♥濱海沙崙,電梯大樓
尚海,淡水區-淡金路,19960.0,20.0,【免仲介費】海都3｜標準套房🉑️開伙｜獨立陽台🉑️租補,寵物可貓♥︎可租補♥︎台水台電♥富麗欣♥電梯大樓♥濱海沙崙,電梯大樓
海洋都心3,淡水區-新市五路三段,72000.0,57.0,未知,寵物可貓♥︎可租補♥︎台水台電♥富麗欣♥電梯大樓♥濱海沙崙,電梯大樓
台北GOGO,淡水區-民權路,1900.0,46.0,未知,,其他
2F/2F,淡水區-頂田寮路,27000.0,41.6,未知,,其他
台北灣 銀河,淡水區-新市一路一段,30000.0,53.0,未知,,其他
佳昂晴海,淡水區-新市一路一段331巷,19100.0,21.8,未知,,其他
海洋都心No.3 Ocean city,淡水區-新市三路二段,27000.0,47.2,未知,,其他
里御大砌,淡水區-濱海路一段306巷60弄,25000.0,21.6,未知,,其他
里御大砌,淡水區-濱海路一段306巷60弄,26800.0,31.4,未知,長谷丹霞社區,其他
長谷丹霞社區,淡水區-興福寮88巷,23500.0,38.0,未知,,其他
大隱小藍海,淡水區-中正東路二段,6500.0,6.5,分租套房,,其他
2F/5F,淡水區-新民街180巷,26000.0,27.2,未知,,其他
麥迪奇名家,淡水區-淡金路38巷35弄,16800.0,7.0,獨立套房,,其他
淡大捷森堡,淡水區-學府路136巷,28000.0,38.3,未知,,其他
宏盛海都 2期,淡水區-新市三路二段,12000.0,12.2,真大正對面5樓木地板套房,,其他
關渡大國二期,淡水區-民族路31巷,5000.0,8.0,獨立套房,,其他
頂樓加蓋/5F,淡水區-新民街178號,25000.0,34.4,未知,,其他
淡江豪景,淡水區-沙崙路,31000.0,27.1,未知,,其他
豪斯登堡,淡水區-中山北路二段,25000.0,37.2,未知,,其他
天琴,淡水區-濱海路二段202巷65弄,27000.0,37.2,未知,,其他
川普G3棧,淡水區-淡金路一段,26500.0,21.4,未知,,其他
灣頂,淡水區-淡金路二段,25000.0,18.5,未知,,其他
宏盛水悅,淡水區-新市三路,29000.0,31.0,【免仲介費】海都3｜標準套房🉑️開伙｜獨立陽台🉑️租補,,其他
海洋都心3,淡水區-新市五路三段,25000.0,35.0,未知,,其他
尚海,淡水區-淡金路,1900.0,12.0,未知,台北GOGO社區近竹圍捷運站車位出租,其他
淡水幸福城,淡水區-學府路,7000.0,7.0,未知,台北GOGO社區近竹圍捷運站車位出租,其他
台北GOGO,淡水區-民權路,90000.0,80.0,近關渡竹圍捷運馬偕醫院旁別墅社區套房,近關渡竹圍捷運馬偕醫院旁別墅社區套房,透天厝
近關渡竹圍捷運馬偕醫院旁別墅社區套房,淡水區-民族路,18000.0,6.0,未知,,其他
淡水捷運5分鐘溫馨一房一廳,淡水區-鄧公路,3000.0,6.0,未知,,其他
馬偕醫院5分鐘.室內平面車位,淡水區-大同路,20000.0,21.5,未知,,其他
大旭地,淡水區-北新路一段,72000.0,57.0,未知,,其他
淡大溫哥華,淡水區-水源街二段,15300.0,18.0,【免仲介費】可養寵｜海都3｜中型套房🉑️開火🉑️租補,寵物可貓♥︎可租補♥︎台水台電♥富麗欣♥電梯大樓♥濱海沙崙,電梯大樓
富麗欣,淡水區-濱海路二段,20800.0,28.0,【免仲介費】可養寵｜海都3｜中型套房🉑️開火🉑️租補,,其他
台北灣-江南大宅,淡水區-沙崙路一段,26000.0,45.0,✨可租補✨五分鐘到淡大文學館小套房✨,,其他
宏盛海都 2期,淡水區-新市三路二段,4600.0,5.0,✨免服務費✨可租補超美套房✨,,其他
5F/5F,淡水區-北新路136巷5弄,12000.0,21.0,獨立套房,,其他
宏英加州大樓,淡水區-新春街126巷,26000.0,37.0,近真理大學｜寵物友善可租補｜雙人套房,,其他
日月星辰,淡水區-濱海路一段306巷9弄,7000.0,5.0,分租套房,,其他
3F/5F,淡水區-新民街152巷6弄,22800.0,21.3,未知,,其他
普羅旺斯,淡水區-新市一路三段,11000.0,7.8,獨立套房,捷運佰萬裝潢公寓二樓三房,公寓
淡大財庫,淡水區-學府路136巷,20000.0,27.3,未知,捷運佰萬裝潢公寓二樓三房,公寓
2F/5F,淡水區-平遠街,22000.0,23.8,A+淡大首選~分租套房可租補,,其他
秀山莊,淡水區-中正東路二段143巷12弄,5000.0,4.0,分租套房,,其他
4F/5F,淡水區-學府路205巷1弄,20000.0,14.9,未知,,其他
淡水小城,淡水區-學府路136巷,27000.0,35.0,未知,近捷運生活機能佳~全新裝潢公寓2房,公寓
海天DEFG棟,淡水區-八勢一街63巷46號,22000.0,22.2,未知,近捷運生活機能佳~全新裝潢公寓2房,公寓
2F/3F,淡水區-英專路28巷2弄,24000.0,12.3,未知,,其他
宏普樂高,淡水區-新市二路一段,22000.0,16.2,未知,,其他
宏盛海都 2期,淡水區-新市三路二段,28000.0,17.9,未知,,其他
將捷之森,淡水區-淡金路二段,26000.0,25.8,⭐淡江捷森堡庭園漂亮套房⭐拎包入住,,其他
翡冷翠,淡水區-淡金路38巷106號,16800.0,7.2,獨立套房,,其他
淡大捷森堡,淡水區-學府路136巷100號,25000.0,19.1,未知,,其他
海洋都心,淡水區-新市五路三段,24000.0,19.2,未知,,其他
海洋都心,淡水區-新市五路三段,21000.0,34.0,未知,,其他
新民街76巷華廈,淡水區-新民街76巷,26000.0,19.2,超優質面山觀海高樓層套房,,其他
台北灣-江南大宅,淡水區-沙崙路一段,7500.0,7.0,獨立套房,,其他
海景天下一,淡水區-大忠街85號,22000.0,24.0,未知,,其他
書香大第,淡水區-新興街,22000.0,24.0,未知,,其他
書香大第,淡水區-新興街,21000.0,15.0,未知,,其他
歡喜自在,淡水區-新市一路三段,25000.0,29.0,商圈取靜獨立套房台水電,,其他
摩納哥,淡水區-淡金路38巷,8000.0,8.4,水源4套房/4衛-合租公司宿舍可,,其他
無,淡水區-北新路169巷69弄,18000.0,23.7,水源4套房/4衛-合租公司宿舍可,,其他
近關渡竹圍捷運馬偕醫院旁別墅社區套房,淡水區-民族路,6000.0,5.0,【免仲介費】可養寵｜海都3｜中型套房🉑️開火🉑️租補,,其他
淡大溫哥華,淡水區-水源街二段,20800.0,28.0,未知,,其他
鄉林山海匯,淡水區-八勢路,20000.0,21.5,未知,,其他
淡水幸福城,淡水區-學府路,29000.0,31.0,未知,,其他
尚海,淡水區-淡金路,32000.0,46.5,未知,台北GOGO社區近竹圍捷運站車位出租,其他
台北GOGO,淡水區-民權路,18000.0,35.0,【免仲介費】海都3｜標準套房🉑️開伙｜獨立陽台🉑️租補,,其他
淡江大學步行2分鐘|淡大|大田寮|紅27公車總站|體育館可貓,淡水區-學府路,7000.0,7.0,【免仲介費】海都3｜標準套房🉑️開伙｜獨立陽台🉑️租補,,其他
仁愛街近英專路優質美套，租金含公用水電,淡水區-仁愛街,19960.0,20.0,未知,寵物可貓♥︎可租補♥︎台水台電♥富麗欣♥電梯大樓♥濱海沙崙,電梯大樓
淡水捷運5分鐘溫馨一房一廳,淡水區-鄧公路,3000.0,6.0,近關渡竹圍捷運馬偕醫院旁別墅社區套房,近關渡竹圍捷運馬偕醫院旁別墅社區套房,透天厝
富麗欣,淡水區-濱海路二段,8900.0,18.0,【免仲介費】可養寵｜海都3｜中型套房🉑️開火🉑️租補,近關渡竹圍捷運馬偕醫院旁別墅社區套房,透天厝
馬偕醫院5分鐘.室內平面車位,淡水區-大同路,15300.0,18.0,【免仲介費】可養寵｜海都3｜中型套房🉑️開火🉑️租補,近關渡竹圍捷運馬偕醫院旁別墅社區套房,透天厝
海洋都心No.3 Ocean city,淡水區-新市三路二段,15300.0,19.1,未知,,其他
將捷之森,淡水區-淡金路二段,6000.0,5.0,獨立套房,,其他
淡江風華,淡水區-北新路169巷69弄,70000.0,87.6,未知,,其他
藍海,淡水區-中正東路二段,20000.0,27.3,未知,,其他
2F/5F,淡水區-平遠街,30000.0,27.0,未知,可租補Ｉ家電齊全Ｉ西恩那優質社區,其他
靜江悅,淡水區-中山北路二段188巷,23000.0,19.0,未知,可租補Ｉ家電齊全Ｉ西恩那優質社區,其他
西恩那,淡水區-坪頂路52巷,29000.0,13.7,未知,{免收服務費可租補}淡江大學友情公寓家庭式4房2廳2衛D7A,公寓
心航線,淡水區-文化路,32000.0,6.0,獨立套房,{免收服務費可租補}淡江大學友情公寓家庭式4房2廳2衛D7A,公寓
4F/5F,淡水區-北新路,15000.0,8.0,獨立套房,,其他
4F/5F,淡水區-學府路,15000.0,8.0,獨立套房,,其他
4F/5F,淡水區-學府路,5334.0,9.0,獨立套房,,其他
5F/5F,淡水區-新民街178號,25000.0,45.2,未知,,其他
天琴,淡水區-濱海路二段202巷65弄,18000.0,27.0,未知,莎莎推薦🎀名峰天下｜3房2廳2衛電梯大樓出租💎,電梯大樓
4F/5F,淡水區-坪頂路,33000.0,26.9,未知,莎莎推薦🎀名峰天下｜3房2廳2衛電梯大樓出租💎,電梯大樓
名峰天下,淡水區-自強路128巷,26000.0,32.0,捷運溫泉海景高樓層豪華小套房24H管,,其他
宏普有逸天,淡水區-新市二路一段76號,17000.0,16.0,獨立套房,,其他
清淞,淡水區-淡金路,23000.0,19.0,未知,,其他
西恩那,淡水區-坪頂路,24000.0,36.9,未知,,其他
